{
  "timestamp": "20260216_181733",
  "config": {
    "run_prefix": "cost_guarded_probe",
    "episodes": 10,
    "seeds": [
      456,
      777,
      789
    ],
    "max_steps_per_episode": 600,
    "trade_penalty": 5e-05,
    "flip_penalty": 0.0005,
    "min_atr_cost_ratio": 0.2,
    "cooldown_bars": 6,
    "min_hold_bars": 3,
    "max_trades_per_episode": 30,
    "trade_gate_z": 0.3,
    "hold_tie_tau": 0.2,
    "hold_break_after": 2,
    "prefill_policy": "random"
  },
  "runs": [
    {
      "seed": 456,
      "run_dir": "seed_sweep_results\\realdata\\cost_guarded_probe_20260216_173958_seed456",
      "status": "ok",
      "test_return": -1.9747513943805584,
      "test_profit_factor": 0.32415546631101116,
      "test_spr": 0.0,
      "test_total_trades": 16,
      "test_walkforward_pass": false,
      "test_walkforward_windows": 1
    },
    {
      "seed": 777,
      "run_dir": "seed_sweep_results\\realdata\\cost_guarded_probe_20260216_180026_seed777",
      "status": "ok",
      "test_return": -3.284917196071069,
      "test_profit_factor": 0.4627558578835427,
      "test_spr": -0.0027316264863002323,
      "test_total_trades": 20,
      "test_walkforward_pass": false,
      "test_walkforward_windows": 1
    },
    {
      "seed": 789,
      "run_dir": "seed_sweep_results\\realdata\\cost_guarded_probe_20260216_170901_seed789",
      "status": "ok",
      "test_return": 0.33510857065630617,
      "test_profit_factor": 1.2180640514890688,
      "test_spr": 0.08044257575294407,
      "test_total_trades": 16,
      "test_walkforward_pass": false,
      "test_walkforward_windows": 1
    }
  ],
  "summary": {
    "count_ok": 3,
    "return_pct_mean": -1.6415200065984403,
    "return_pct_std": 1.4965357789007088,
    "profit_factor_mean": 0.6683251252278742,
    "profit_factor_std": 0.39282072452211847,
    "spr_mean": 0.025903649755547944,
    "spr_std": 0.03858096493114407,
    "positive_return_frac": 0.3333333333333333,
    "pf_ge_1_frac": 0.3333333333333333
  }
}