{
  "generated_at_utc": "2026-02-18T12:20:25Z",
  "run_prefix": "fric_guardB_blind10ep_20260218_134723",
  "source": "eval_wf2400",
  "seeds": [
    1011,
    2027,
    3039
  ],
  "count": 3,
  "mean_return_pct": 1.5409833200443461,
  "mean_profit_factor": 1.9123762432952638,
  "mean_total_trades": 23.0,
  "mean_spr": 0.13747497381482665,
  "mean_max_drawdown_pct": -1.5097067180711454,
  "walkforward_pass_count": 1,
  "walkforward_pass_rate": 0.3333333333333333,
  "results": [
    {
      "seed": 1011,
      "result_file": "seed_sweep_results/realdata/fric_guardB_blind10ep_20260218_134723_seed1011/eval_wf2400/results/test_results.json",
      "return_pct": 3.2094959294431957,
      "profit_factor": 3.1412108466073776,
      "total_trades": 22,
      "spr": 0.4104007414997763,
      "max_drawdown_pct": -1.3348907939163732,
      "walkforward_pass": true,
      "walkforward_windows": 26,
      "walkforward_median_spr": 0.0008086493442362368,
      "walkforward_positive_frac": 0.5
    },
    {
      "seed": 2027,
      "result_file": "seed_sweep_results/realdata/fric_guardB_blind10ep_20260218_134723_seed2027/eval_wf2400/results/test_results.json",
      "return_pct": 0.7940278887845986,
      "profit_factor": 1.2488249990704774,
      "total_trades": 22,
      "spr": 0.002104322594200767,
      "max_drawdown_pct": -1.835149321538275,
      "walkforward_pass": false,
      "walkforward_windows": 26,
      "walkforward_median_spr": 3.579767295237802e-05,
      "walkforward_positive_frac": 0.5
    },
    {
      "seed": 3039,
      "result_file": "seed_sweep_results/realdata/fric_guardB_blind10ep_20260218_134723_seed3039/eval_wf2400/results/test_results.json",
      "return_pct": 0.6194261419052438,
      "profit_factor": 1.3470928842079364,
      "total_trades": 25,
      "spr": -8.014264949708169e-05,
      "max_drawdown_pct": -1.359080038758788,
      "walkforward_pass": false,
      "walkforward_windows": 26,
      "walkforward_median_spr": 0.0,
      "walkforward_positive_frac": 0.34615384615384615
    }
  ]
}