{
  "timestamp": "20260228_1819",
  "profile": "guardbA_horizon100_rrmin0_stage20_ext4",
  "runs": [
    {
      "seed": 123,
      "run_dir": "seed_sweep_results\\realdata\\guardbA_horizon100_rrmin0_stage20_seed123_20260228_095917_seed123",
      "test_return": 1.9777489807029758,
      "test_profit_factor": 2.6568642987361364,
      "test_fitness": -0.05518558624589522,
      "test_trades": 25,
      "status": "ok",
      "source_summary": "seed_sweep_results/realdata/guardbA_horizon100_rrmin0_stage20_seed123_20260228_095917_summary.json"
    },
    {
      "seed": 2027,
      "run_dir": "seed_sweep_results\\realdata\\guardbA_horizon100_rrmin0_stage20_seed2027_20260228_113534_seed2027",
      "test_return": -0.8844794472953277,
      "test_profit_factor": 0.6940780250971108,
      "test_fitness": -0.025617404941758133,
      "test_trades": 21,
      "status": "ok",
      "source_summary": "seed_sweep_results/realdata/guardbA_horizon100_rrmin0_stage20_seed2027_20260228_113534_summary.json"
    },
    {
      "seed": 1011,
      "run_dir": "seed_sweep_results\\realdata\\guardbA_horizon100_rrmin0_stage20_seed1011_20260228_140303_seed1011",
      "test_return": -0.05354238833217284,
      "test_profit_factor": 0.9787265550663716,
      "test_fitness": 0.00400288694513197,
      "test_trades": 26,
      "status": "ok",
      "source_summary": "seed_sweep_results/realdata/guardbA_horizon100_rrmin0_stage20_seed1011_20260228_140303_summary.json"
    },
    {
      "seed": 8087,
      "run_dir": "seed_sweep_results\\realdata\\guardbA_horizon100_rrmin0_stage20_seed8087_20260228_161300_seed8087",
      "test_return": -0.9134612192170266,
      "test_profit_factor": 0.7664285437379689,
      "test_fitness": 0.08194726693576986,
      "test_trades": 22,
      "status": "ok",
      "source_summary": "seed_sweep_results/realdata/guardbA_horizon100_rrmin0_stage20_seed8087_20260228_161300_summary.json"
    }
  ],
  "aggregate": {
    "return_pct": {
      "mean": 0.03156648146461216,
      "std": 1.1754879134547764,
      "count": 4
    },
    "profit_factor": {
      "mean": 1.2740243556593969,
      "std": 0.8052077920972314,
      "count": 4
    },
    "fitness": {
      "mean": 0.0012867906733121173,
      "std": 0.05105500638145903,
      "count": 4
    },
    "positive_pf_ge_1": 1,
    "positive_return": 1
  }
}