{
  "generated_at_utc": "2026-02-19T08:49:02Z",
  "run_prefix": "guardB5_confirm_blind10ep_20260219_094605",
  "source": "eval_wf2400",
  "seeds": [
    1011,
    2027,
    3039,
    4049,
    5051
  ],
  "count": 5,
  "mean_return_pct": 1.6661203395699744,
  "mean_profit_factor": 1.9537342704195688,
  "mean_total_trades": 22.8,
  "mean_spr": 0.08178840709184551,
  "mean_max_drawdown_pct": -1.2959867938251675,
  "walkforward_pass_count": 1,
  "walkforward_pass_rate": 0.2,
  "results": [
    {
      "seed": 1011,
      "result_file": "seed_sweep_results/realdata/guardB5_confirm_blind10ep_20260219_094605_seed1011/eval_wf2400/results/test_results.json",
      "return_pct": 3.2094959294431957,
      "profit_factor": 3.1412108466073776,
      "total_trades": 22,
      "spr": 0.4104007414997763,
      "max_drawdown_pct": -1.3348907939163732,
      "walkforward_pass": true,
      "walkforward_windows": 26,
      "walkforward_median_spr": 0.0008086493442362368,
      "walkforward_positive_frac": 0.5
    },
    {
      "seed": 2027,
      "result_file": "seed_sweep_results/realdata/guardB5_confirm_blind10ep_20260219_094605_seed2027/eval_wf2400/results/test_results.json",
      "return_pct": 2.1429546082891715,
      "profit_factor": 2.0944836146363346,
      "total_trades": 26,
      "spr": -0.0012710844141442259,
      "max_drawdown_pct": -0.9609245569987216,
      "walkforward_pass": false,
      "walkforward_windows": 26,
      "walkforward_median_spr": -0.004797626761463656,
      "walkforward_positive_frac": 0.3076923076923077
    },
    {
      "seed": 3039,
      "result_file": "seed_sweep_results/realdata/guardB5_confirm_blind10ep_20260219_094605_seed3039/eval_wf2400/results/test_results.json",
      "return_pct": 0.6194261419052438,
      "profit_factor": 1.3470928842079364,
      "total_trades": 25,
      "spr": -8.014264949708169e-05,
      "max_drawdown_pct": -1.359080038758788,
      "walkforward_pass": false,
      "walkforward_windows": 26,
      "walkforward_median_spr": 0.0,
      "walkforward_positive_frac": 0.34615384615384615
    },
    {
      "seed": 4049,
      "result_file": "seed_sweep_results/realdata/guardB5_confirm_blind10ep_20260219_094605_seed4049/eval_wf2400/results/test_results.json",
      "return_pct": 1.8039052835180591,
      "profit_factor": 1.8645532921454806,
      "total_trades": 23,
      "spr": -0.00010747897690741769,
      "max_drawdown_pct": -1.009088786875458,
      "walkforward_pass": false,
      "walkforward_windows": 26,
      "walkforward_median_spr": 0.0,
      "walkforward_positive_frac": 0.3076923076923077
    },
    {
      "seed": 5051,
      "result_file": "seed_sweep_results/realdata/guardB5_confirm_blind10ep_20260219_094605_seed5051/eval_wf2400/results/test_results.json",
      "return_pct": 0.5548197346942008,
      "profit_factor": 1.3213307145007152,
      "total_trades": 18,
      "spr": 0.0,
      "max_drawdown_pct": -1.8159497925764962,
      "walkforward_pass": false,
      "walkforward_windows": 26,
      "walkforward_median_spr": 0.0,
      "walkforward_positive_frac": 0.15384615384615385
    }
  ]
}