{
  "timestamp": "20260301_184044",
  "profile": "stage20_selector_recovery_mixed_k",
  "runs": [
    {
      "seed": 123,
      "summary_file": "guardbA_horizon100_rrmin0_stage20_seed123_20260228_095917_summary.json",
      "run_dir": "seed_sweep_results\\realdata\\guardbA_horizon100_rrmin0_stage20_seed123_20260228_095917_seed123",
      "test_return_pct": 1.9777489807029758,
      "test_profit_factor": 2.6568642987361364,
      "test_total_trades": 25,
      "test_walkforward_pass": false,
      "test_fitness": -0.05518558624589522
    },
    {
      "seed": 1011,
      "summary_file": "guardbA_h100_rrmin0_alignk10fix_stage20_seed1011_20260301_122119_summary.json",
      "run_dir": "seed_sweep_results\\realdata\\guardbA_h100_rrmin0_alignk10fix_stage20_seed1011_20260301_122119_seed1011",
      "test_return_pct": 1.109422847917263,
      "test_profit_factor": 1.6506657913069982,
      "test_total_trades": 23,
      "test_walkforward_pass": false,
      "test_fitness": -0.2831356448227903
    },
    {
      "seed": 2027,
      "summary_file": "guardbA_h100_rrmin0_alignk10fix_stage20_seed2027_20260301_151753_summary.json",
      "run_dir": "seed_sweep_results\\realdata\\guardbA_h100_rrmin0_alignk10fix_stage20_seed2027_20260301_151753_seed2027",
      "test_return_pct": 1.0649453978644807,
      "test_profit_factor": 1.3765189484096074,
      "test_total_trades": 26,
      "test_walkforward_pass": false,
      "test_fitness": -0.4820089118666115
    },
    {
      "seed": 8087,
      "summary_file": "guardbA_h100_rrmin0_alignk6fix_stage20_seed8087_20260301_111838_summary.json",
      "run_dir": "seed_sweep_results\\realdata\\guardbA_h100_rrmin0_alignk6fix_stage20_seed8087_20260301_111838_seed8087",
      "test_return_pct": 0.5623305669142376,
      "test_profit_factor": 1.2565801187702053,
      "test_total_trades": 21,
      "test_walkforward_pass": false,
      "test_fitness": -0.03080402301058915
    }
  ],
  "aggregate": {
    "seeds_count": 4,
    "mean_return_pct": 1.1786119483497393,
    "mean_profit_factor": 1.7351572893057368,
    "mean_trades": 23.75,
    "positive_return_count": 4,
    "profit_factor_gt1_count": 4,
    "walkforward_pass_count": 0
  },
  "notes": [
    "Mixed profile: seed123 from pre-alignment baseline, seed8087 from alignk6fix, seeds1011/2027 from alignk10fix.",
    "Use as directional recovery check, not final apples-to-apples benchmark."
  ]
}