{
  "generated_at_utc": "2026-02-19T20:53:03Z",
  "run_prefix": "guardB10_tailfix_lowflip35_10ep_20260219_211955",
  "source": "train_test",
  "seeds": [
    1011,
    2027,
    3039,
    4049,
    5051,
    6067,
    7079,
    8087,
    9091,
    10007
  ],
  "count": 10,
  "mean_return_pct": 1.2511763878656312,
  "mean_profit_factor": 2.1657074871450304,
  "mean_total_trades": 22.1,
  "mean_spr": 0.7966739332956696,
  "mean_max_drawdown_pct": -1.275289377219005,
  "walkforward_pass_count": 0,
  "walkforward_pass_rate": 0.0,
  "results": [
    {
      "seed": 1011,
      "result_file": "seed_sweep_results/realdata/guardB10_tailfix_lowflip35_10ep_20260219_211955_seed1011/results/test_results.json",
      "return_pct": 1.2965522742236057,
      "profit_factor": 1.446123681369581,
      "total_trades": 22,
      "spr": 0.26965860338989733,
      "max_drawdown_pct": -1.5903212273247567,
      "walkforward_pass": false,
      "walkforward_windows": 1,
      "walkforward_median_spr": 0.26965860338989733,
      "walkforward_positive_frac": 1.0
    },
    {
      "seed": 2027,
      "result_file": "seed_sweep_results/realdata/guardB10_tailfix_lowflip35_10ep_20260219_211955_seed2027/results/test_results.json",
      "return_pct": 1.1606550615667954,
      "profit_factor": 1.7904035460254484,
      "total_trades": 23,
      "spr": 0.007889494783132344,
      "max_drawdown_pct": -1.1099248712950613,
      "walkforward_pass": false,
      "walkforward_windows": 1,
      "walkforward_median_spr": 0.007889494783132344,
      "walkforward_positive_frac": 1.0
    },
    {
      "seed": 3039,
      "result_file": "seed_sweep_results/realdata/guardB10_tailfix_lowflip35_10ep_20260219_211955_seed3039/results/test_results.json",
      "return_pct": 0.6194261419052438,
      "profit_factor": 1.3470928842079364,
      "total_trades": 25,
      "spr": -0.011970745551990332,
      "max_drawdown_pct": -1.359080038758788,
      "walkforward_pass": false,
      "walkforward_windows": 1,
      "walkforward_median_spr": -0.011970745551990332,
      "walkforward_positive_frac": 0.0
    },
    {
      "seed": 4049,
      "result_file": "seed_sweep_results/realdata/guardB10_tailfix_lowflip35_10ep_20260219_211955_seed4049/results/test_results.json",
      "return_pct": 1.8039052835180591,
      "profit_factor": 1.8645532921454806,
      "total_trades": 23,
      "spr": -0.018967293854659815,
      "max_drawdown_pct": -1.009088786875458,
      "walkforward_pass": false,
      "walkforward_windows": 1,
      "walkforward_median_spr": -0.018967293854659815,
      "walkforward_positive_frac": 0.0
    },
    {
      "seed": 5051,
      "result_file": "seed_sweep_results/realdata/guardB10_tailfix_lowflip35_10ep_20260219_211955_seed5051/results/test_results.json",
      "return_pct": 3.43994809998307,
      "profit_factor": 8.252415227901075,
      "total_trades": 17,
      "spr": 6.202048632539323,
      "max_drawdown_pct": -0.5326238126100223,
      "walkforward_pass": false,
      "walkforward_windows": 1,
      "walkforward_median_spr": 6.202048632539323,
      "walkforward_positive_frac": 1.0
    },
    {
      "seed": 6067,
      "result_file": "seed_sweep_results/realdata/guardB10_tailfix_lowflip35_10ep_20260219_211955_seed6067/results/test_results.json",
      "return_pct": 0.9875886783345722,
      "profit_factor": 1.4004378204216767,
      "total_trades": 21,
      "spr": 0.016197046952321513,
      "max_drawdown_pct": -1.3615456180198944,
      "walkforward_pass": false,
      "walkforward_windows": 1,
      "walkforward_median_spr": 0.016197046952321513,
      "walkforward_positive_frac": 1.0
    },
    {
      "seed": 7079,
      "result_file": "seed_sweep_results/realdata/guardB10_tailfix_lowflip35_10ep_20260219_211955_seed7079/results/test_results.json",
      "return_pct": 0.9037138543818379,
      "profit_factor": 1.3202401040636211,
      "total_trades": 22,
      "spr": -0.01852586188331051,
      "max_drawdown_pct": -1.3011460261973058,
      "walkforward_pass": false,
      "walkforward_windows": 1,
      "walkforward_median_spr": -0.01852586188331051,
      "walkforward_positive_frac": 0.0
    },
    {
      "seed": 8087,
      "result_file": "seed_sweep_results/realdata/guardB10_tailfix_lowflip35_10ep_20260219_211955_seed8087/results/test_results.json",
      "return_pct": -0.4089555689003266,
      "profit_factor": 0.8430794908097752,
      "total_trades": 21,
      "spr": 0.004296450846626556,
      "max_drawdown_pct": -1.752358130413374,
      "walkforward_pass": false,
      "walkforward_windows": 1,
      "walkforward_median_spr": 0.004296450846626556,
      "walkforward_positive_frac": 1.0
    },
    {
      "seed": 9091,
      "result_file": "seed_sweep_results/realdata/guardB10_tailfix_lowflip35_10ep_20260219_211955_seed9091/results/test_results.json",
      "return_pct": 0.7599353159803091,
      "profit_factor": 1.3083347960363998,
      "total_trades": 21,
      "spr": -0.2947960262052604,
      "max_drawdown_pct": -1.4761608349736135,
      "walkforward_pass": false,
      "walkforward_windows": 1,
      "walkforward_median_spr": -0.2947960262052604,
      "walkforward_positive_frac": 0.0
    },
    {
      "seed": 10007,
      "result_file": "seed_sweep_results/realdata/guardB10_tailfix_lowflip35_10ep_20260219_211955_seed10007/results/test_results.json",
      "return_pct": 1.9489947376631456,
      "profit_factor": 2.084394028469307,
      "total_trades": 26,
      "spr": 1.8109090319406167,
      "max_drawdown_pct": -1.2606444257217766,
      "walkforward_pass": false,
      "walkforward_windows": 1,
      "walkforward_median_spr": 1.8109090319406167,
      "walkforward_positive_frac": 1.0
    }
  ]
}