{
  "generated_at_utc": "2026-02-20T14:18:55Z",
  "run_prefix": "guardB10_tailfix_lowflip35_20ep_20260219_232731",
  "source": "eval_wf2400_zero_cost_v2",
  "seeds": [
    1011,
    2027,
    3039,
    4049,
    5051,
    6067,
    7079,
    8087,
    9091,
    10007
  ],
  "count": 10,
  "mean_return_pct": 1.7707874152456218,
  "mean_profit_factor": 2.224411807532242,
  "mean_total_trades": 22.9,
  "mean_spr": 0.0031076479240861555,
  "mean_max_drawdown_pct": -1.3012709589763678,
  "walkforward_pass_count": 7,
  "walkforward_pass_rate": 0.7,
  "results": [
    {
      "seed": 1011,
      "result_file": "seed_sweep_results/realdata/guardB10_tailfix_lowflip35_20ep_20260219_232731_seed1011/eval_wf2400_zero_cost_v2/results/test_results.json",
      "return_pct": 4.294812389966607,
      "profit_factor": 5.553743017077195,
      "total_trades": 21,
      "spr": 0.01515417671852646,
      "max_drawdown_pct": -0.7396025491664652,
      "walkforward_pass": true,
      "walkforward_windows": 26,
      "walkforward_median_spr": 0.12274402915149098,
      "walkforward_positive_frac": 0.6538461538461539
    },
    {
      "seed": 2027,
      "result_file": "seed_sweep_results/realdata/guardB10_tailfix_lowflip35_20ep_20260219_232731_seed2027/eval_wf2400_zero_cost_v2/results/test_results.json",
      "return_pct": 4.193622240681605,
      "profit_factor": 4.3408742080827665,
      "total_trades": 27,
      "spr": 0.008772084794086138,
      "max_drawdown_pct": -0.6726083260284101,
      "walkforward_pass": true,
      "walkforward_windows": 26,
      "walkforward_median_spr": 0.24932681648791633,
      "walkforward_positive_frac": 0.6923076923076923
    },
    {
      "seed": 3039,
      "result_file": "seed_sweep_results/realdata/guardB10_tailfix_lowflip35_20ep_20260219_232731_seed3039/eval_wf2400_zero_cost_v2/results/test_results.json",
      "return_pct": 1.6440153764412102,
      "profit_factor": 1.986226128212412,
      "total_trades": 25,
      "spr": 0.0011026266484823494,
      "max_drawdown_pct": -1.0328545842546584,
      "walkforward_pass": true,
      "walkforward_windows": 26,
      "walkforward_median_spr": 0.08487301502201128,
      "walkforward_positive_frac": 0.6153846153846154
    },
    {
      "seed": 4049,
      "result_file": "seed_sweep_results/realdata/guardB10_tailfix_lowflip35_20ep_20260219_232731_seed4049/eval_wf2400_zero_cost_v2/results/test_results.json",
      "return_pct": 4.3781657297823795,
      "profit_factor": 2.7773750807486755,
      "total_trades": 21,
      "spr": 0.006223634629600997,
      "max_drawdown_pct": -1.4922804053079697,
      "walkforward_pass": true,
      "walkforward_windows": 26,
      "walkforward_median_spr": 1.2878771012856642,
      "walkforward_positive_frac": 0.8846153846153846
    },
    {
      "seed": 5051,
      "result_file": "seed_sweep_results/realdata/guardB10_tailfix_lowflip35_20ep_20260219_232731_seed5051/eval_wf2400_zero_cost_v2/results/test_results.json",
      "return_pct": 1.3016276903809576,
      "profit_factor": 1.6408785790595504,
      "total_trades": 18,
      "spr": 0.0,
      "max_drawdown_pct": -1.5655151395788203,
      "walkforward_pass": false,
      "walkforward_windows": 26,
      "walkforward_median_spr": 0.0,
      "walkforward_positive_frac": 0.23076923076923078
    },
    {
      "seed": 6067,
      "result_file": "seed_sweep_results/realdata/guardB10_tailfix_lowflip35_20ep_20260219_232731_seed6067/eval_wf2400_zero_cost_v2/results/test_results.json",
      "return_pct": -0.04435877577972924,
      "profit_factor": 0.9840666919990388,
      "total_trades": 25,
      "spr": 0.0015514466207352112,
      "max_drawdown_pct": -1.8974333521734636,
      "walkforward_pass": true,
      "walkforward_windows": 26,
      "walkforward_median_spr": 0.45342867786936053,
      "walkforward_positive_frac": 0.7307692307692307
    },
    {
      "seed": 7079,
      "result_file": "seed_sweep_results/realdata/guardB10_tailfix_lowflip35_20ep_20260219_232731_seed7079/eval_wf2400_zero_cost_v2/results/test_results.json",
      "return_pct": 1.5896977904484855,
      "profit_factor": 1.632530638328828,
      "total_trades": 22,
      "spr": -0.00014783217606772654,
      "max_drawdown_pct": -1.1390474401404873,
      "walkforward_pass": false,
      "walkforward_windows": 26,
      "walkforward_median_spr": 0.0,
      "walkforward_positive_frac": 0.38461538461538464
    },
    {
      "seed": 8087,
      "result_file": "seed_sweep_results/realdata/guardB10_tailfix_lowflip35_20ep_20260219_232731_seed8087/eval_wf2400_zero_cost_v2/results/test_results.json",
      "return_pct": 1.181964657739698,
      "profit_factor": 1.562187277888603,
      "total_trades": 22,
      "spr": 9.673316755037728e-05,
      "max_drawdown_pct": -1.315384517650045,
      "walkforward_pass": true,
      "walkforward_windows": 26,
      "walkforward_median_spr": 0.6123534580921886,
      "walkforward_positive_frac": 0.7307692307692307
    },
    {
      "seed": 9091,
      "result_file": "seed_sweep_results/realdata/guardB10_tailfix_lowflip35_20ep_20260219_232731_seed9091/eval_wf2400_zero_cost_v2/results/test_results.json",
      "return_pct": -0.5312843881513096,
      "profit_factor": 0.8579820985151912,
      "total_trades": 22,
      "spr": -0.0016962909460997153,
      "max_drawdown_pct": -1.5237911499501524,
      "walkforward_pass": false,
      "walkforward_windows": 26,
      "walkforward_median_spr": -0.002784649655205666,
      "walkforward_positive_frac": 0.4230769230769231
    },
    {
      "seed": 10007,
      "result_file": "seed_sweep_results/realdata/guardB10_tailfix_lowflip35_20ep_20260219_232731_seed10007/eval_wf2400_zero_cost_v2/results/test_results.json",
      "return_pct": -0.3003885590536881,
      "profit_factor": 0.90825435541016,
      "total_trades": 26,
      "spr": 1.989978404746047e-05,
      "max_drawdown_pct": -1.6341921255132053,
      "walkforward_pass": true,
      "walkforward_windows": 26,
      "walkforward_median_spr": 0.16871524518866304,
      "walkforward_positive_frac": 0.7307692307692307
    }
  ]
}