{
  "generated_at_utc": "2026-02-19T15:28:02Z",
  "run_prefix": "guardB10_confirm_blind10ep_20260219_143734",
  "source": "eval_wf2400",
  "seeds": [
    1011,
    2027,
    3039,
    4049,
    5051,
    6067,
    7079,
    8087,
    9091,
    10007
  ],
  "count": 10,
  "mean_return_pct": 1.0484076977753565,
  "mean_profit_factor": 1.5921840655525625,
  "mean_total_trades": 22.7,
  "mean_spr": 0.01113389924311552,
  "mean_max_drawdown_pct": -1.5591001910690063,
  "walkforward_pass_count": 3,
  "walkforward_pass_rate": 0.3,
  "results": [
    {
      "seed": 1011,
      "result_file": "seed_sweep_results/realdata/guardB10_confirm_blind10ep_20260219_143734_seed1011/eval_wf2400/results/test_results.json",
      "return_pct": 3.2094959294431957,
      "profit_factor": 3.1412108466073776,
      "total_trades": 22,
      "spr": 0.4104007414997763,
      "max_drawdown_pct": -1.3348907939163732,
      "walkforward_pass": true,
      "walkforward_windows": 26,
      "walkforward_median_spr": 0.0008086493442362368,
      "walkforward_positive_frac": 0.5
    },
    {
      "seed": 2027,
      "result_file": "seed_sweep_results/realdata/guardB10_confirm_blind10ep_20260219_143734_seed2027/eval_wf2400/results/test_results.json",
      "return_pct": 2.1429546082891715,
      "profit_factor": 2.0944836146363346,
      "total_trades": 26,
      "spr": -0.0012710844141442259,
      "max_drawdown_pct": -0.9609245569987216,
      "walkforward_pass": false,
      "walkforward_windows": 26,
      "walkforward_median_spr": -0.004797626761463656,
      "walkforward_positive_frac": 0.3076923076923077
    },
    {
      "seed": 3039,
      "result_file": "seed_sweep_results/realdata/guardB10_confirm_blind10ep_20260219_143734_seed3039/eval_wf2400/results/test_results.json",
      "return_pct": 0.6194261419052438,
      "profit_factor": 1.3470928842079364,
      "total_trades": 25,
      "spr": -8.014264949708169e-05,
      "max_drawdown_pct": -1.359080038758788,
      "walkforward_pass": false,
      "walkforward_windows": 26,
      "walkforward_median_spr": 0.0,
      "walkforward_positive_frac": 0.34615384615384615
    },
    {
      "seed": 4049,
      "result_file": "seed_sweep_results/realdata/guardB10_confirm_blind10ep_20260219_143734_seed4049/eval_wf2400/results/test_results.json",
      "return_pct": 1.8039052835180591,
      "profit_factor": 1.8645532921454806,
      "total_trades": 23,
      "spr": -0.00010747897690741769,
      "max_drawdown_pct": -1.009088786875458,
      "walkforward_pass": false,
      "walkforward_windows": 26,
      "walkforward_median_spr": 0.0,
      "walkforward_positive_frac": 0.3076923076923077
    },
    {
      "seed": 5051,
      "result_file": "seed_sweep_results/realdata/guardB10_confirm_blind10ep_20260219_143734_seed5051/eval_wf2400/results/test_results.json",
      "return_pct": 2.014023256932451,
      "profit_factor": 1.89055006110782,
      "total_trades": 26,
      "spr": -0.0033274371433511625,
      "max_drawdown_pct": -1.1525727184752137,
      "walkforward_pass": false,
      "walkforward_windows": 26,
      "walkforward_median_spr": -0.0008540307053345197,
      "walkforward_positive_frac": 0.46153846153846156
    },
    {
      "seed": 6067,
      "result_file": "seed_sweep_results/realdata/guardB10_confirm_blind10ep_20260219_143734_seed6067/eval_wf2400/results/test_results.json",
      "return_pct": -1.6681950740840557,
      "profit_factor": 0.5276545297645608,
      "total_trades": 18,
      "spr": 1.2837445890509959e-05,
      "max_drawdown_pct": -3.209317466173268,
      "walkforward_pass": false,
      "walkforward_windows": 26,
      "walkforward_median_spr": -0.0030955814685225294,
      "walkforward_positive_frac": 0.23076923076923078
    },
    {
      "seed": 7079,
      "result_file": "seed_sweep_results/realdata/guardB10_confirm_blind10ep_20260219_143734_seed7079/eval_wf2400/results/test_results.json",
      "return_pct": 1.818505526237213,
      "profit_factor": 1.8561206809661823,
      "total_trades": 25,
      "spr": 0.00035161445985410416,
      "max_drawdown_pct": -1.3818107226803642,
      "walkforward_pass": true,
      "walkforward_windows": 26,
      "walkforward_median_spr": 0.08727110714616765,
      "walkforward_positive_frac": 0.8076923076923077
    },
    {
      "seed": 8087,
      "result_file": "seed_sweep_results/realdata/guardB10_confirm_blind10ep_20260219_143734_seed8087/eval_wf2400/results/test_results.json",
      "return_pct": -0.4089555689003266,
      "profit_factor": 0.8430794908097752,
      "total_trades": 21,
      "spr": 2.0296021587513383e-05,
      "max_drawdown_pct": -1.752358130413374,
      "walkforward_pass": true,
      "walkforward_windows": 26,
      "walkforward_median_spr": 0.17239434846737814,
      "walkforward_positive_frac": 0.7307692307692307
    },
    {
      "seed": 9091,
      "result_file": "seed_sweep_results/realdata/guardB10_confirm_blind10ep_20260219_143734_seed9091/eval_wf2400/results/test_results.json",
      "return_pct": 0.7599353159803091,
      "profit_factor": 1.3083347960363998,
      "total_trades": 21,
      "spr": -0.2947960262052604,
      "max_drawdown_pct": -1.4761608349736135,
      "walkforward_pass": false,
      "walkforward_windows": 26,
      "walkforward_median_spr": -6.764156768491593e-05,
      "walkforward_positive_frac": 0.19230769230769232
    },
    {
      "seed": 10007,
      "result_file": "seed_sweep_results/realdata/guardB10_confirm_blind10ep_20260219_143734_seed10007/eval_wf2400/results/test_results.json",
      "return_pct": 0.19298155843230358,
      "profit_factor": 1.0487604592437594,
      "total_trades": 20,
      "spr": 0.0001356723932070778,
      "max_drawdown_pct": -1.954797861424889,
      "walkforward_pass": false,
      "walkforward_windows": 26,
      "walkforward_median_spr": -0.012869837744936483,
      "walkforward_positive_frac": 0.2692307692307692
    }
  ]
}