{
  "generated_at_utc": "2026-02-20T13:22:47Z",
  "run_prefix": "guardB10_tailfix_lowflip35_20ep_20260219_232731",
  "source": "eval_wf2400",
  "seeds": [
    1011,
    2027,
    3039,
    4049,
    5051,
    6067,
    7079,
    8087,
    9091,
    10007
  ],
  "count": 10,
  "mean_return_pct": 0.6094499876909665,
  "mean_profit_factor": 1.4378111571200445,
  "mean_total_trades": 23.0,
  "mean_spr": 0.04100774959146934,
  "mean_max_drawdown_pct": -1.7890476007175444,
  "walkforward_pass_count": 5,
  "walkforward_pass_rate": 0.5,
  "results": [
    {
      "seed": 1011,
      "result_file": "seed_sweep_results/realdata/guardB10_tailfix_lowflip35_20ep_20260219_232731_seed1011/eval_wf2400/results/test_results.json",
      "return_pct": 3.2094959294431957,
      "profit_factor": 3.1412108466073776,
      "total_trades": 22,
      "spr": 0.4104007414997763,
      "max_drawdown_pct": -1.3348907939163732,
      "walkforward_pass": true,
      "walkforward_windows": 26,
      "walkforward_median_spr": 0.0008086493442362368,
      "walkforward_positive_frac": 0.5
    },
    {
      "seed": 2027,
      "result_file": "seed_sweep_results/realdata/guardB10_tailfix_lowflip35_20ep_20260219_232731_seed2027/eval_wf2400/results/test_results.json",
      "return_pct": 2.1429546082891715,
      "profit_factor": 2.0944836146363346,
      "total_trades": 26,
      "spr": -0.0012710844141442259,
      "max_drawdown_pct": -0.9609245569987216,
      "walkforward_pass": false,
      "walkforward_windows": 26,
      "walkforward_median_spr": -0.004797626761463656,
      "walkforward_positive_frac": 0.3076923076923077
    },
    {
      "seed": 3039,
      "result_file": "seed_sweep_results/realdata/guardB10_tailfix_lowflip35_20ep_20260219_232731_seed3039/eval_wf2400/results/test_results.json",
      "return_pct": 0.6194261419052438,
      "profit_factor": 1.3470928842079364,
      "total_trades": 25,
      "spr": -8.014264949708169e-05,
      "max_drawdown_pct": -1.359080038758788,
      "walkforward_pass": false,
      "walkforward_windows": 26,
      "walkforward_median_spr": 0.0,
      "walkforward_positive_frac": 0.34615384615384615
    },
    {
      "seed": 4049,
      "result_file": "seed_sweep_results/realdata/guardB10_tailfix_lowflip35_20ep_20260219_232731_seed4049/eval_wf2400/results/test_results.json",
      "return_pct": 3.582495852462797,
      "profit_factor": 2.3458397799925086,
      "total_trades": 21,
      "spr": 0.0021965837283534893,
      "max_drawdown_pct": -1.7130118030098926,
      "walkforward_pass": true,
      "walkforward_windows": 26,
      "walkforward_median_spr": 0.4075044160342196,
      "walkforward_positive_frac": 0.6923076923076923
    },
    {
      "seed": 5051,
      "result_file": "seed_sweep_results/realdata/guardB10_tailfix_lowflip35_20ep_20260219_232731_seed5051/eval_wf2400/results/test_results.json",
      "return_pct": 0.5548197346942008,
      "profit_factor": 1.3213307145007152,
      "total_trades": 18,
      "spr": 0.0,
      "max_drawdown_pct": -1.8159497925764962,
      "walkforward_pass": false,
      "walkforward_windows": 26,
      "walkforward_median_spr": 0.0,
      "walkforward_positive_frac": 0.15384615384615385
    },
    {
      "seed": 6067,
      "result_file": "seed_sweep_results/realdata/guardB10_tailfix_lowflip35_20ep_20260219_232731_seed6067/eval_wf2400/results/test_results.json",
      "return_pct": -1.0750306590182168,
      "profit_factor": 0.7176622553057616,
      "total_trades": 25,
      "spr": 0.00029761845425062863,
      "max_drawdown_pct": -2.245283772699306,
      "walkforward_pass": true,
      "walkforward_windows": 26,
      "walkforward_median_spr": 0.04835467024051112,
      "walkforward_positive_frac": 0.6923076923076923
    },
    {
      "seed": 7079,
      "result_file": "seed_sweep_results/realdata/guardB10_tailfix_lowflip35_20ep_20260219_232731_seed7079/eval_wf2400/results/test_results.json",
      "return_pct": 0.9037138543818379,
      "profit_factor": 1.3202401040636211,
      "total_trades": 22,
      "spr": -9.604754366057572e-05,
      "max_drawdown_pct": -1.3011460261973058,
      "walkforward_pass": false,
      "walkforward_windows": 26,
      "walkforward_median_spr": -0.0093286279210957,
      "walkforward_positive_frac": 0.15384615384615385
    },
    {
      "seed": 8087,
      "result_file": "seed_sweep_results/realdata/guardB10_tailfix_lowflip35_20ep_20260219_232731_seed8087/eval_wf2400/results/test_results.json",
      "return_pct": -0.4089555689003266,
      "profit_factor": 0.8430794908097752,
      "total_trades": 21,
      "spr": 2.0296021587513383e-05,
      "max_drawdown_pct": -1.752358130413374,
      "walkforward_pass": true,
      "walkforward_windows": 26,
      "walkforward_median_spr": 0.17239434846737814,
      "walkforward_positive_frac": 0.7307692307692307
    },
    {
      "seed": 9091,
      "result_file": "seed_sweep_results/realdata/guardB10_tailfix_lowflip35_20ep_20260219_232731_seed9091/eval_wf2400/results/test_results.json",
      "return_pct": -2.2261465081159337,
      "profit_factor": 0.5576923326647415,
      "total_trades": 24,
      "spr": -0.0013913205752724782,
      "max_drawdown_pct": -3.0877376349009578,
      "walkforward_pass": false,
      "walkforward_windows": 26,
      "walkforward_median_spr": -0.0053692355257734595,
      "walkforward_positive_frac": 0.38461538461538464
    },
    {
      "seed": 10007,
      "result_file": "seed_sweep_results/realdata/guardB10_tailfix_lowflip35_20ep_20260219_232731_seed10007/eval_wf2400/results/test_results.json",
      "return_pct": -1.2082735082323048,
      "profit_factor": 0.6894795484116744,
      "total_trades": 26,
      "spr": 8.513932998116153e-07,
      "max_drawdown_pct": -2.3200934577042287,
      "walkforward_pass": true,
      "walkforward_windows": 26,
      "walkforward_median_spr": 0.002093500089165473,
      "walkforward_positive_frac": 0.5769230769230769
    }
  ]
}