{
  "generated_at": "2026-02-23T22:00:57",
  "new_config": "guardbA_blind10_fast10ep_20260223_200325",
  "baseline_config": "autorescue_blind10_fast10ep_20260222_155708",
  "new_eval_wf2400_aggregate": {
    "n_seeds": 10,
    "mean_test_return_pct": 0.7246362231019687,
    "mean_test_profit_factor": 1.8720906493584792,
    "mean_test_trades": 22.3,
    "positive_pf_gt_1_count": 7,
    "wf_pass_count": 5
  },
  "baseline_eval_wf2400_aggregate": {
    "n_seeds": 10,
    "mean_test_return_pct": 0.9793536029035765,
    "mean_test_profit_factor": 1.5309304934117423,
    "mean_test_trades": 22.2,
    "positive_pf_gt_1_count": 8,
    "wf_pass_count": 1
  },
  "delta_new_minus_baseline": {
    "mean_test_return_pct": -0.2547173798016078,
    "mean_test_profit_factor": 0.341160155946737,
    "mean_test_trades": 0.10000000000000142,
    "positive_pf_gt_1_count": -1,
    "wf_pass_count": 4
  },
  "per_seed": [
    {
      "seed": 1011,
      "baseline": {
        "test_return_pct": 2.3331569443610256,
        "test_profit_factor": 2.461463494890398,
        "test_total_trades": 23.0,
        "test_walkforward_pass": false
      },
      "new": {
        "test_return_pct": 1.54663960275927,
        "test_profit_factor": 1.6386375152358625,
        "test_total_trades": 24,
        "test_walkforward_pass": false,
        "test_walkforward_positive_frac": 0.46153846153846156
      },
      "delta": {
        "test_return_pct": -0.7865173416017557,
        "test_profit_factor": -0.8228259796545356,
        "test_total_trades": 1.0,
        "test_walkforward_pass": 0
      }
    },
    {
      "seed": 2027,
      "baseline": {
        "test_return_pct": -1.07194886729034,
        "test_profit_factor": 0.5463994077291072,
        "test_total_trades": 23.0,
        "test_walkforward_pass": false
      },
      "new": {
        "test_return_pct": 1.405035862967785,
        "test_profit_factor": 1.6404429562002696,
        "test_total_trades": 22,
        "test_walkforward_pass": false,
        "test_walkforward_positive_frac": 0.5384615384615384
      },
      "delta": {
        "test_return_pct": 2.476984730258125,
        "test_profit_factor": 1.0940435484711624,
        "test_total_trades": -1.0,
        "test_walkforward_pass": 0
      }
    },
    {
      "seed": 3039,
      "baseline": {
        "test_return_pct": 0.5694348385155479,
        "test_profit_factor": 1.1756624870746308,
        "test_total_trades": 24.0,
        "test_walkforward_pass": false
      },
      "new": {
        "test_return_pct": 1.8087762786759942,
        "test_profit_factor": 1.7521255465503118,
        "test_total_trades": 24,
        "test_walkforward_pass": true,
        "test_walkforward_positive_frac": 0.5
      },
      "delta": {
        "test_return_pct": 1.2393414401604463,
        "test_profit_factor": 0.576463059475681,
        "test_total_trades": 0.0,
        "test_walkforward_pass": 1
      }
    },
    {
      "seed": 4049,
      "baseline": {
        "test_return_pct": 2.3608933092814866,
        "test_profit_factor": 2.410369912402805,
        "test_total_trades": 22.0,
        "test_walkforward_pass": false
      },
      "new": {
        "test_return_pct": 0.19205603979215446,
        "test_profit_factor": 1.084666547598163,
        "test_total_trades": 21,
        "test_walkforward_pass": false,
        "test_walkforward_positive_frac": 0.3076923076923077
      },
      "delta": {
        "test_return_pct": -2.168837269489332,
        "test_profit_factor": -1.3257033648046421,
        "test_total_trades": -1.0,
        "test_walkforward_pass": 0
      }
    },
    {
      "seed": 5051,
      "baseline": {
        "test_return_pct": 1.3051014374576564,
        "test_profit_factor": 1.5602982071640628,
        "test_total_trades": 23.0,
        "test_walkforward_pass": false
      },
      "new": {
        "test_return_pct": -3.22182736950386,
        "test_profit_factor": 0.33694624059996675,
        "test_total_trades": 23,
        "test_walkforward_pass": true,
        "test_walkforward_positive_frac": 0.5769230769230769
      },
      "delta": {
        "test_return_pct": -4.526928806961516,
        "test_profit_factor": -1.223351966564096,
        "test_total_trades": 0.0,
        "test_walkforward_pass": 1
      }
    },
    {
      "seed": 6067,
      "baseline": {
        "test_return_pct": 2.860084915483996,
        "test_profit_factor": 2.3218860562787262,
        "test_total_trades": 25.0,
        "test_walkforward_pass": false
      },
      "new": {
        "test_return_pct": 1.8817975269340481,
        "test_profit_factor": 2.11769709631358,
        "test_total_trades": 18,
        "test_walkforward_pass": false,
        "test_walkforward_positive_frac": 0.46153846153846156
      },
      "delta": {
        "test_return_pct": -0.9782873885499477,
        "test_profit_factor": -0.2041889599651463,
        "test_total_trades": -7.0,
        "test_walkforward_pass": 0
      }
    },
    {
      "seed": 7079,
      "baseline": {
        "test_return_pct": 1.5325508294922185,
        "test_profit_factor": 1.8108379009026963,
        "test_total_trades": 24.0,
        "test_walkforward_pass": false
      },
      "new": {
        "test_return_pct": 4.9119324599633085,
        "test_profit_factor": 6.202232107310309,
        "test_total_trades": 25,
        "test_walkforward_pass": true,
        "test_walkforward_positive_frac": 0.7692307692307693
      },
      "delta": {
        "test_return_pct": 3.37938163047109,
        "test_profit_factor": 4.391394206407613,
        "test_total_trades": 1.0,
        "test_walkforward_pass": 1
      }
    },
    {
      "seed": 8087,
      "baseline": {
        "test_return_pct": 0.7507186089292572,
        "test_profit_factor": 1.354911981558095,
        "test_total_trades": 21.0,
        "test_walkforward_pass": true
      },
      "new": {
        "test_return_pct": 2.0602445904850164,
        "test_profit_factor": 2.8244132113800315,
        "test_total_trades": 18,
        "test_walkforward_pass": true,
        "test_walkforward_positive_frac": 0.5769230769230769
      },
      "delta": {
        "test_return_pct": 1.3095259815557592,
        "test_profit_factor": 1.4695012298219365,
        "test_total_trades": -3.0,
        "test_walkforward_pass": 0
      }
    },
    {
      "seed": 9091,
      "baseline": {
        "test_return_pct": -1.4985203099092903,
        "test_profit_factor": 0.4056198215948277,
        "test_total_trades": 16.0,
        "test_walkforward_pass": false
      },
      "new": {
        "test_return_pct": -1.305525119719575,
        "test_profit_factor": 0.5928364218359311,
        "test_total_trades": 24,
        "test_walkforward_pass": false,
        "test_walkforward_positive_frac": 0.5384615384615384
      },
      "delta": {
        "test_return_pct": 0.19299519018971534,
        "test_profit_factor": 0.18721660024110343,
        "test_total_trades": 8.0,
        "test_walkforward_pass": 0
      }
    },
    {
      "seed": 10007,
      "baseline": {
        "test_return_pct": 0.6520643227142076,
        "test_profit_factor": 1.2618556645220724,
        "test_total_trades": 21.0,
        "test_walkforward_pass": false
      },
      "new": {
        "test_return_pct": -2.032767641334454,
        "test_profit_factor": 0.5309088505603673,
        "test_total_trades": 24,
        "test_walkforward_pass": true,
        "test_walkforward_positive_frac": 0.5384615384615384
      },
      "delta": {
        "test_return_pct": -2.6848319640486618,
        "test_profit_factor": -0.7309468139617051,
        "test_total_trades": 3.0,
        "test_walkforward_pass": 1
      }
    }
  ]
}