{
  "generated_at_utc": "2026-02-20T13:22:47Z",
  "run_prefix": "guardB10_tailfix_lowflip35_20ep_20260219_232731",
  "source": "train_test",
  "seeds": [
    1011,
    2027,
    3039,
    4049,
    5051,
    6067,
    7079,
    8087,
    9091,
    10007
  ],
  "count": 10,
  "mean_return_pct": 0.6601220261772422,
  "mean_profit_factor": 1.440920916371906,
  "mean_total_trades": 22.2,
  "mean_spr": 0.048559984094659274,
  "mean_max_drawdown_pct": -1.742823833532879,
  "walkforward_pass_count": 0,
  "walkforward_pass_rate": 0.0,
  "results": [
    {
      "seed": 1011,
      "result_file": "seed_sweep_results/realdata/guardB10_tailfix_lowflip35_20ep_20260219_232731_seed1011/results/test_results.json",
      "return_pct": 3.2094959294431957,
      "profit_factor": 3.1412108466073776,
      "total_trades": 22,
      "spr": 0.4104007414997763,
      "max_drawdown_pct": -1.3348907939163732,
      "walkforward_pass": false,
      "walkforward_windows": 1,
      "walkforward_median_spr": 0.4104007414997763,
      "walkforward_positive_frac": 1.0
    },
    {
      "seed": 2027,
      "result_file": "seed_sweep_results/realdata/guardB10_tailfix_lowflip35_20ep_20260219_232731_seed2027/results/test_results.json",
      "return_pct": 2.1429546082891715,
      "profit_factor": 2.0944836146363346,
      "total_trades": 26,
      "spr": -0.17553560421830583,
      "max_drawdown_pct": -0.9609245569987216,
      "walkforward_pass": false,
      "walkforward_windows": 1,
      "walkforward_median_spr": -0.17553560421830583,
      "walkforward_positive_frac": 0.0
    },
    {
      "seed": 3039,
      "result_file": "seed_sweep_results/realdata/guardB10_tailfix_lowflip35_20ep_20260219_232731_seed3039/results/test_results.json",
      "return_pct": 0.6194261419052438,
      "profit_factor": 1.3470928842079364,
      "total_trades": 25,
      "spr": -0.011970745551990332,
      "max_drawdown_pct": -1.359080038758788,
      "walkforward_pass": false,
      "walkforward_windows": 1,
      "walkforward_median_spr": -0.011970745551990332,
      "walkforward_positive_frac": 0.0
    },
    {
      "seed": 4049,
      "result_file": "seed_sweep_results/realdata/guardB10_tailfix_lowflip35_20ep_20260219_232731_seed4049/results/test_results.json",
      "return_pct": 3.582495852462797,
      "profit_factor": 2.3458397799925086,
      "total_trades": 21,
      "spr": 0.4649932982519429,
      "max_drawdown_pct": -1.7130118030098926,
      "walkforward_pass": false,
      "walkforward_windows": 1,
      "walkforward_median_spr": 0.4649932982519429,
      "walkforward_positive_frac": 1.0
    },
    {
      "seed": 5051,
      "result_file": "seed_sweep_results/realdata/guardB10_tailfix_lowflip35_20ep_20260219_232731_seed5051/results/test_results.json",
      "return_pct": 0.5548197346942008,
      "profit_factor": 1.3213307145007152,
      "total_trades": 18,
      "spr": 0.0,
      "max_drawdown_pct": -1.8159497925764962,
      "walkforward_pass": false,
      "walkforward_windows": 1,
      "walkforward_median_spr": 0.0,
      "walkforward_positive_frac": 0.0
    },
    {
      "seed": 6067,
      "result_file": "seed_sweep_results/realdata/guardB10_tailfix_lowflip35_20ep_20260219_232731_seed6067/results/test_results.json",
      "return_pct": -1.1106352115838214,
      "profit_factor": 0.6991500057077704,
      "total_trades": 22,
      "spr": 0.04095581188523752,
      "max_drawdown_pct": -2.245283772699306,
      "walkforward_pass": false,
      "walkforward_windows": 1,
      "walkforward_median_spr": 0.04095581188523752,
      "walkforward_positive_frac": 1.0
    },
    {
      "seed": 7079,
      "result_file": "seed_sweep_results/realdata/guardB10_tailfix_lowflip35_20ep_20260219_232731_seed7079/results/test_results.json",
      "return_pct": 0.9037138543818379,
      "profit_factor": 1.3202401040636211,
      "total_trades": 22,
      "spr": -0.01852586188331051,
      "max_drawdown_pct": -1.3011460261973058,
      "walkforward_pass": false,
      "walkforward_windows": 1,
      "walkforward_median_spr": -0.01852586188331051,
      "walkforward_positive_frac": 0.0
    },
    {
      "seed": 8087,
      "result_file": "seed_sweep_results/realdata/guardB10_tailfix_lowflip35_20ep_20260219_232731_seed8087/results/test_results.json",
      "return_pct": -0.4089555689003266,
      "profit_factor": 0.8430794908097752,
      "total_trades": 21,
      "spr": 0.004296450846626556,
      "max_drawdown_pct": -1.752358130413374,
      "walkforward_pass": false,
      "walkforward_windows": 1,
      "walkforward_median_spr": 0.004296450846626556,
      "walkforward_positive_frac": 1.0
    },
    {
      "seed": 9091,
      "result_file": "seed_sweep_results/realdata/guardB10_tailfix_lowflip35_20ep_20260219_232731_seed9091/results/test_results.json",
      "return_pct": -1.6838215706875714,
      "profit_factor": 0.6073021747813447,
      "total_trades": 19,
      "spr": -0.22913182652553826,
      "max_drawdown_pct": -2.6254999630543034,
      "walkforward_pass": false,
      "walkforward_windows": 1,
      "walkforward_median_spr": -0.22913182652553826,
      "walkforward_positive_frac": 0.0
    },
    {
      "seed": 10007,
      "result_file": "seed_sweep_results/realdata/guardB10_tailfix_lowflip35_20ep_20260219_232731_seed10007/results/test_results.json",
      "return_pct": -1.2082735082323048,
      "profit_factor": 0.6894795484116744,
      "total_trades": 26,
      "spr": 0.00011757664215438837,
      "max_drawdown_pct": -2.3200934577042287,
      "walkforward_pass": false,
      "walkforward_windows": 1,
      "walkforward_median_spr": 0.00011757664215438837,
      "walkforward_positive_frac": 1.0
    }
  ]
}