{
  "generated_at": "2026-02-23T23:18:43",
  "baseline_selected": {
    "count": 10,
    "mean_return_pct": 0.7246362231019687,
    "median_return_pct": 1.4758377328635275,
    "mean_pf": 1.8720906493584792,
    "median_pf": 1.6395402357180662,
    "mean_trades": 22.3,
    "wf_pass_count": 5,
    "positive_pf_ge1_count": 7
  },
  "candidate_ep010": {
    "count": 10,
    "mean_return_pct": 1.0419016465682007,
    "median_return_pct": 1.1560480036273635,
    "mean_pf": 1.4712999925027677,
    "median_pf": 1.3930627857463163,
    "mean_trades": 23.0,
    "wf_pass_count": 2,
    "positive_pf_ge1_count": 7
  },
  "delta": {
    "mean_return_pct": 0.317265423466232,
    "mean_pf": -0.40079065685571147,
    "wf_pass_count": -3,
    "improved_return_seeds": 4,
    "improved_pf_seeds": 4
  },
  "rows": [
    {
      "seed": 1011,
      "selected_checkpoint": "best_model.pt",
      "selected_return_pct": 1.54663960275927,
      "selected_pf": 1.6386375152358625,
      "selected_trades": 24.0,
      "selected_wf_pass": false,
      "ep010_return_pct": 1.54663960275927,
      "ep010_pf": 1.6386375152358625,
      "ep010_trades": 24.0,
      "ep010_wf_pass": false,
      "delta_return_pct": 0.0,
      "delta_pf": 0.0,
      "delta_wf_pass": 0
    },
    {
      "seed": 2027,
      "selected_checkpoint": "best_model.pt",
      "selected_return_pct": 1.405035862967785,
      "selected_pf": 1.6404429562002696,
      "selected_trades": 22.0,
      "selected_wf_pass": false,
      "ep010_return_pct": -0.832891056570062,
      "ep010_pf": 0.6456908314168487,
      "ep010_trades": 22.0,
      "ep010_wf_pass": false,
      "delta_return_pct": -2.237926919537847,
      "delta_pf": -0.9947521247834209,
      "delta_wf_pass": 0
    },
    {
      "seed": 3039,
      "selected_checkpoint": "best_model.pt",
      "selected_return_pct": 1.8087762786759942,
      "selected_pf": 1.7521255465503118,
      "selected_trades": 24.0,
      "selected_wf_pass": true,
      "ep010_return_pct": -0.11653696892403032,
      "ep010_pf": 0.9646233817459327,
      "ep010_trades": 21.0,
      "ep010_wf_pass": false,
      "delta_return_pct": -1.9253132476000245,
      "delta_pf": -0.7875021648043792,
      "delta_wf_pass": -1
    },
    {
      "seed": 4049,
      "selected_checkpoint": "best_model.pt",
      "selected_return_pct": 0.19205603979215446,
      "selected_pf": 1.084666547598163,
      "selected_trades": 21.0,
      "selected_wf_pass": false,
      "ep010_return_pct": 0.7281393901120037,
      "ep010_pf": 1.2055648823373848,
      "ep010_trades": 22.0,
      "ep010_wf_pass": false,
      "delta_return_pct": 0.5360833503198492,
      "delta_pf": 0.12089833473922185,
      "delta_wf_pass": 0
    },
    {
      "seed": 5051,
      "selected_checkpoint": "best_model.pt",
      "selected_return_pct": -3.22182736950386,
      "selected_pf": 0.33694624059996675,
      "selected_trades": 23.0,
      "selected_wf_pass": true,
      "ep010_return_pct": 2.764500416502713,
      "ep010_pf": 2.3370756373352144,
      "ep010_trades": 21.0,
      "ep010_wf_pass": false,
      "delta_return_pct": 5.986327786006573,
      "delta_pf": 2.0001293967352476,
      "delta_wf_pass": -1
    },
    {
      "seed": 6067,
      "selected_checkpoint": "best_model.pt",
      "selected_return_pct": 1.8817975269340481,
      "selected_pf": 2.11769709631358,
      "selected_trades": 18.0,
      "selected_wf_pass": false,
      "ep010_return_pct": 0.850551770667618,
      "ep010_pf": 1.3117658067781541,
      "ep010_trades": 26.0,
      "ep010_wf_pass": true,
      "delta_return_pct": -1.0312457562664301,
      "delta_pf": -0.8059312895354258,
      "delta_wf_pass": 1
    },
    {
      "seed": 7079,
      "selected_checkpoint": "best_model.pt",
      "selected_return_pct": 4.9119324599633085,
      "selected_pf": 6.202232107310309,
      "selected_trades": 25.0,
      "selected_wf_pass": true,
      "ep010_return_pct": 1.461544236587109,
      "ep010_pf": 1.606640005748968,
      "ep010_trades": 23.0,
      "ep010_wf_pass": false,
      "delta_return_pct": -3.4503882233761995,
      "delta_pf": -4.595592101561341,
      "delta_wf_pass": -1
    },
    {
      "seed": 8087,
      "selected_checkpoint": "best_model.pt",
      "selected_return_pct": 2.0602445904850164,
      "selected_pf": 2.8244132113800315,
      "selected_trades": 18.0,
      "selected_wf_pass": true,
      "ep010_return_pct": -0.5066392604231917,
      "ep010_pf": 0.7972680168608149,
      "ep010_trades": 23.0,
      "ep010_wf_pass": true,
      "delta_return_pct": -2.566883850908208,
      "delta_pf": -2.0271451945192167,
      "delta_wf_pass": 0
    },
    {
      "seed": 9091,
      "selected_checkpoint": "best_model.pt",
      "selected_return_pct": -1.305525119719575,
      "selected_pf": 0.5928364218359311,
      "selected_trades": 24.0,
      "selected_wf_pass": false,
      "ep010_return_pct": 1.5546213858322666,
      "ep010_pf": 1.4743597647144784,
      "ep010_trades": 23.0,
      "ep010_wf_pass": false,
      "delta_return_pct": 2.8601465055518416,
      "delta_pf": 0.8815233428785473,
      "delta_wf_pass": 0
    },
    {
      "seed": 10007,
      "selected_checkpoint": "best_model.pt",
      "selected_return_pct": -2.032767641334454,
      "selected_pf": 0.5309088505603673,
      "selected_trades": 24.0,
      "selected_wf_pass": true,
      "ep010_return_pct": 2.969086949138311,
      "ep010_pf": 2.731374082854019,
      "ep010_trades": 25.0,
      "ep010_wf_pass": false,
      "delta_return_pct": 5.001854590472766,
      "delta_pf": 2.2004652322936518,
      "delta_wf_pass": -1
    }
  ]
}