{
  "generated_at_utc": "2026-02-19T15:28:02Z",
  "run_prefix": "guardB10_confirm_blind10ep_20260219_143734",
  "source": "train_test",
  "seeds": [
    1011,
    2027,
    3039,
    4049,
    5051,
    6067,
    7079,
    8087,
    9091,
    10007
  ],
  "count": 10,
  "mean_return_pct": 1.027569884229812,
  "mean_profit_factor": 1.5990470351956971,
  "mean_total_trades": 21.8,
  "mean_spr": -0.04564834015861046,
  "mean_max_drawdown_pct": -1.5438066465167852,
  "walkforward_pass_count": 0,
  "walkforward_pass_rate": 0.0,
  "results": [
    {
      "seed": 1011,
      "result_file": "seed_sweep_results/realdata/guardB10_confirm_blind10ep_20260219_143734_seed1011/results/test_results.json",
      "return_pct": 3.2094959294431957,
      "profit_factor": 3.1412108466073776,
      "total_trades": 22,
      "spr": 0.4104007414997763,
      "max_drawdown_pct": -1.3348907939163732,
      "walkforward_pass": false,
      "walkforward_windows": 1,
      "walkforward_median_spr": 0.4104007414997763,
      "walkforward_positive_frac": 1.0
    },
    {
      "seed": 2027,
      "result_file": "seed_sweep_results/realdata/guardB10_confirm_blind10ep_20260219_143734_seed2027/results/test_results.json",
      "return_pct": 2.1429546082891715,
      "profit_factor": 2.0944836146363346,
      "total_trades": 26,
      "spr": -0.17553560421830583,
      "max_drawdown_pct": -0.9609245569987216,
      "walkforward_pass": false,
      "walkforward_windows": 1,
      "walkforward_median_spr": -0.17553560421830583,
      "walkforward_positive_frac": 0.0
    },
    {
      "seed": 3039,
      "result_file": "seed_sweep_results/realdata/guardB10_confirm_blind10ep_20260219_143734_seed3039/results/test_results.json",
      "return_pct": 0.6194261419052438,
      "profit_factor": 1.3470928842079364,
      "total_trades": 25,
      "spr": -0.011970745551990332,
      "max_drawdown_pct": -1.359080038758788,
      "walkforward_pass": false,
      "walkforward_windows": 1,
      "walkforward_median_spr": -0.011970745551990332,
      "walkforward_positive_frac": 0.0
    },
    {
      "seed": 4049,
      "result_file": "seed_sweep_results/realdata/guardB10_confirm_blind10ep_20260219_143734_seed4049/results/test_results.json",
      "return_pct": 1.8039052835180591,
      "profit_factor": 1.8645532921454806,
      "total_trades": 23,
      "spr": -0.018967293854659815,
      "max_drawdown_pct": -1.009088786875458,
      "walkforward_pass": false,
      "walkforward_windows": 1,
      "walkforward_median_spr": -0.018967293854659815,
      "walkforward_positive_frac": 0.0
    },
    {
      "seed": 5051,
      "result_file": "seed_sweep_results/realdata/guardB10_confirm_blind10ep_20260219_143734_seed5051/results/test_results.json",
      "return_pct": 2.014023256932451,
      "profit_factor": 1.89055006110782,
      "total_trades": 26,
      "spr": -0.4595160501986183,
      "max_drawdown_pct": -1.1525727184752137,
      "walkforward_pass": false,
      "walkforward_windows": 1,
      "walkforward_median_spr": -0.4595160501986183,
      "walkforward_positive_frac": 0.0
    },
    {
      "seed": 6067,
      "result_file": "seed_sweep_results/realdata/guardB10_confirm_blind10ep_20260219_143734_seed6067/results/test_results.json",
      "return_pct": -1.8603370734365687,
      "profit_factor": 0.473249979333926,
      "total_trades": 17,
      "spr": 0.00149389842800185,
      "max_drawdown_pct": -3.209317466173268,
      "walkforward_pass": false,
      "walkforward_windows": 1,
      "walkforward_median_spr": 0.00149389842800185,
      "walkforward_positive_frac": 1.0
    },
    {
      "seed": 7079,
      "result_file": "seed_sweep_results/realdata/guardB10_confirm_blind10ep_20260219_143734_seed7079/results/test_results.json",
      "return_pct": 1.849859341995952,
      "profit_factor": 1.9847915272145016,
      "total_trades": 21,
      "spr": 0.08528584904930311,
      "max_drawdown_pct": -1.2288752771581535,
      "walkforward_pass": false,
      "walkforward_windows": 1,
      "walkforward_median_spr": 0.08528584904930311,
      "walkforward_positive_frac": 1.0
    },
    {
      "seed": 8087,
      "result_file": "seed_sweep_results/realdata/guardB10_confirm_blind10ep_20260219_143734_seed8087/results/test_results.json",
      "return_pct": -0.4089555689003266,
      "profit_factor": 0.8430794908097752,
      "total_trades": 21,
      "spr": 0.004296450846626556,
      "max_drawdown_pct": -1.752358130413374,
      "walkforward_pass": false,
      "walkforward_windows": 1,
      "walkforward_median_spr": 0.004296450846626556,
      "walkforward_positive_frac": 1.0
    },
    {
      "seed": 9091,
      "result_file": "seed_sweep_results/realdata/guardB10_confirm_blind10ep_20260219_143734_seed9091/results/test_results.json",
      "return_pct": 0.7599353159803091,
      "profit_factor": 1.3083347960363998,
      "total_trades": 21,
      "spr": -0.2947960262052604,
      "max_drawdown_pct": -1.4761608349736135,
      "walkforward_pass": false,
      "walkforward_windows": 1,
      "walkforward_median_spr": -0.2947960262052604,
      "walkforward_positive_frac": 0.0
    },
    {
      "seed": 10007,
      "result_file": "seed_sweep_results/realdata/guardB10_confirm_blind10ep_20260219_143734_seed10007/results/test_results.json",
      "return_pct": 0.14539160657063288,
      "profit_factor": 1.0431238598574188,
      "total_trades": 16,
      "spr": 0.002825378619022258,
      "max_drawdown_pct": -1.954797861424889,
      "walkforward_pass": false,
      "walkforward_windows": 1,
      "walkforward_median_spr": 0.002825378619022258,
      "walkforward_positive_frac": 1.0
    }
  ]
}