{
  "generated_at_utc": "2026-02-20T13:58:37Z",
  "run_prefix": "guardB10_tailfix_lowflip35_20ep_20260219_232731",
  "source": "eval_wf2400_zero_cost",
  "seeds": [
    1011,
    2027,
    3039,
    4049,
    5051,
    6067,
    7079,
    8087,
    9091,
    10007
  ],
  "count": 10,
  "mean_return_pct": 1.7005874152456246,
  "mean_profit_factor": 2.224411807532242,
  "mean_total_trades": 22.9,
  "mean_spr": 0.003029240160106815,
  "mean_max_drawdown_pct": -1.3295056991586827,
  "walkforward_pass_count": 7,
  "walkforward_pass_rate": 0.7,
  "results": [
    {
      "seed": 1011,
      "result_file": "seed_sweep_results/realdata/guardB10_tailfix_lowflip35_20ep_20260219_232731_seed1011/eval_wf2400_zero_cost/results/test_results.json",
      "return_pct": 4.230012389966609,
      "profit_factor": 5.553743017077195,
      "total_trades": 21,
      "spr": 0.01515417671852646,
      "max_drawdown_pct": -0.7396025491664652,
      "walkforward_pass": true,
      "walkforward_windows": 26,
      "walkforward_median_spr": 0.10206379991361458,
      "walkforward_positive_frac": 0.6538461538461539
    },
    {
      "seed": 2027,
      "result_file": "seed_sweep_results/realdata/guardB10_tailfix_lowflip35_20ep_20260219_232731_seed2027/eval_wf2400_zero_cost/results/test_results.json",
      "return_pct": 4.128822240681607,
      "profit_factor": 4.3408742080827665,
      "total_trades": 27,
      "spr": 0.008276398016561113,
      "max_drawdown_pct": -0.7039454421796807,
      "walkforward_pass": true,
      "walkforward_windows": 26,
      "walkforward_median_spr": 0.24265085766937244,
      "walkforward_positive_frac": 0.6923076923076923
    },
    {
      "seed": 3039,
      "result_file": "seed_sweep_results/realdata/guardB10_tailfix_lowflip35_20ep_20260219_232731_seed3039/eval_wf2400_zero_cost/results/test_results.json",
      "return_pct": 1.5360153764412132,
      "profit_factor": 1.986226128212412,
      "total_trades": 25,
      "spr": 0.0009739052284294121,
      "max_drawdown_pct": -1.086268387039197,
      "walkforward_pass": true,
      "walkforward_windows": 26,
      "walkforward_median_spr": 0.054699175973808,
      "walkforward_positive_frac": 0.6153846153846154
    },
    {
      "seed": 4049,
      "result_file": "seed_sweep_results/realdata/guardB10_tailfix_lowflip35_20ep_20260219_232731_seed4049/eval_wf2400_zero_cost/results/test_results.json",
      "return_pct": 4.35656572978238,
      "profit_factor": 2.7773750807486755,
      "total_trades": 21,
      "spr": 0.006223634629600997,
      "max_drawdown_pct": -1.4925912530238872,
      "walkforward_pass": true,
      "walkforward_windows": 26,
      "walkforward_median_spr": 1.2776016727142352,
      "walkforward_positive_frac": 0.8846153846153846
    },
    {
      "seed": 5051,
      "result_file": "seed_sweep_results/realdata/guardB10_tailfix_lowflip35_20ep_20260219_232731_seed5051/eval_wf2400_zero_cost/results/test_results.json",
      "return_pct": 1.1396276903809621,
      "profit_factor": 1.6408785790595504,
      "total_trades": 18,
      "spr": 0.0,
      "max_drawdown_pct": -1.6512475150063182,
      "walkforward_pass": false,
      "walkforward_windows": 26,
      "walkforward_median_spr": 0.0,
      "walkforward_positive_frac": 0.23076923076923078
    },
    {
      "seed": 6067,
      "result_file": "seed_sweep_results/realdata/guardB10_tailfix_lowflip35_20ep_20260219_232731_seed6067/eval_wf2400_zero_cost/results/test_results.json",
      "return_pct": -0.20635877577973583,
      "profit_factor": 0.9840666919990388,
      "total_trades": 25,
      "spr": 0.001414472881900748,
      "max_drawdown_pct": -1.983746833314791,
      "walkforward_pass": true,
      "walkforward_windows": 26,
      "walkforward_median_spr": 0.42724657276367406,
      "walkforward_positive_frac": 0.7307692307692307
    },
    {
      "seed": 7079,
      "result_file": "seed_sweep_results/realdata/guardB10_tailfix_lowflip35_20ep_20260219_232731_seed7079/eval_wf2400_zero_cost/results/test_results.json",
      "return_pct": 1.5896977904484855,
      "profit_factor": 1.632530638328828,
      "total_trades": 22,
      "spr": -0.00014783217606772654,
      "max_drawdown_pct": -1.1390474401404873,
      "walkforward_pass": false,
      "walkforward_windows": 26,
      "walkforward_median_spr": 0.0,
      "walkforward_positive_frac": 0.38461538461538464
    },
    {
      "seed": 8087,
      "result_file": "seed_sweep_results/realdata/guardB10_tailfix_lowflip35_20ep_20260219_232731_seed8087/eval_wf2400_zero_cost/results/test_results.json",
      "return_pct": 1.1711646577397206,
      "profit_factor": 1.562187277888603,
      "total_trades": 22,
      "spr": 9.673316755037728e-05,
      "max_drawdown_pct": -1.3155233500478396,
      "walkforward_pass": true,
      "walkforward_windows": 26,
      "walkforward_median_spr": 0.6022954032259829,
      "walkforward_positive_frac": 0.7307692307692307
    },
    {
      "seed": 9091,
      "result_file": "seed_sweep_results/realdata/guardB10_tailfix_lowflip35_20ep_20260219_232731_seed9091/eval_wf2400_zero_cost/results/test_results.json",
      "return_pct": -0.6284843881513069,
      "profit_factor": 0.8579820985151912,
      "total_trades": 22,
      "spr": -0.0017011025386802546,
      "max_drawdown_pct": -1.5463419666163647,
      "walkforward_pass": false,
      "walkforward_windows": 26,
      "walkforward_median_spr": -0.002896428456752264,
      "walkforward_positive_frac": 0.4230769230769231
    },
    {
      "seed": 10007,
      "result_file": "seed_sweep_results/realdata/guardB10_tailfix_lowflip35_20ep_20260219_232731_seed10007/eval_wf2400_zero_cost/results/test_results.json",
      "return_pct": -0.3111885590536878,
      "profit_factor": 0.90825435541016,
      "total_trades": 26,
      "spr": 2.015673247019318e-06,
      "max_drawdown_pct": -1.6367422550517972,
      "walkforward_pass": true,
      "walkforward_windows": 26,
      "walkforward_median_spr": 0.16721107545053956,
      "walkforward_positive_frac": 0.7307692307692307
    }
  ]
}