{
  "generated_at_utc": "2026-02-19T20:53:03Z",
  "run_prefix": "guardB10_tailfix_lowflip35_10ep_20260219_211955",
  "source": "eval_wf2400",
  "seeds": [
    1011,
    2027,
    3039,
    4049,
    5051,
    6067,
    7079,
    8087,
    9091,
    10007
  ],
  "count": 10,
  "mean_return_pct": 1.2208478635557274,
  "mean_profit_factor": 1.8438419206111643,
  "mean_total_trades": 22.3,
  "mean_spr": 0.1537479943721931,
  "mean_max_drawdown_pct": -1.284748208024307,
  "walkforward_pass_count": 4,
  "walkforward_pass_rate": 0.4,
  "results": [
    {
      "seed": 1011,
      "result_file": "seed_sweep_results/realdata/guardB10_tailfix_lowflip35_10ep_20260219_211955_seed1011/eval_wf2400/results/test_results.json",
      "return_pct": 1.2965522742236057,
      "profit_factor": 1.446123681369581,
      "total_trades": 22,
      "spr": 0.0013980481256785026,
      "max_drawdown_pct": -1.5903212273247567,
      "walkforward_pass": false,
      "walkforward_windows": 26,
      "walkforward_median_spr": -0.012340050285901277,
      "walkforward_positive_frac": 0.34615384615384615
    },
    {
      "seed": 2027,
      "result_file": "seed_sweep_results/realdata/guardB10_tailfix_lowflip35_10ep_20260219_211955_seed2027/eval_wf2400/results/test_results.json",
      "return_pct": 1.1606550615667954,
      "profit_factor": 1.7904035460254484,
      "total_trades": 23,
      "spr": 4.470615756285925e-05,
      "max_drawdown_pct": -1.1099248712950613,
      "walkforward_pass": false,
      "walkforward_windows": 26,
      "walkforward_median_spr": -0.0037856836167047504,
      "walkforward_positive_frac": 0.4230769230769231
    },
    {
      "seed": 3039,
      "result_file": "seed_sweep_results/realdata/guardB10_tailfix_lowflip35_10ep_20260219_211955_seed3039/eval_wf2400/results/test_results.json",
      "return_pct": 0.6194261419052438,
      "profit_factor": 1.3470928842079364,
      "total_trades": 25,
      "spr": -8.014264949708169e-05,
      "max_drawdown_pct": -1.359080038758788,
      "walkforward_pass": false,
      "walkforward_windows": 26,
      "walkforward_median_spr": 0.0,
      "walkforward_positive_frac": 0.34615384615384615
    },
    {
      "seed": 4049,
      "result_file": "seed_sweep_results/realdata/guardB10_tailfix_lowflip35_10ep_20260219_211955_seed4049/eval_wf2400/results/test_results.json",
      "return_pct": 1.8039052835180591,
      "profit_factor": 1.8645532921454806,
      "total_trades": 23,
      "spr": -0.00010747897690741769,
      "max_drawdown_pct": -1.009088786875458,
      "walkforward_pass": false,
      "walkforward_windows": 26,
      "walkforward_median_spr": 0.0,
      "walkforward_positive_frac": 0.3076923076923077
    },
    {
      "seed": 5051,
      "result_file": "seed_sweep_results/realdata/guardB10_tailfix_lowflip35_10ep_20260219_211955_seed5051/eval_wf2400/results/test_results.json",
      "return_pct": 3.1366628568840316,
      "profit_factor": 5.033759562562417,
      "total_trades": 19,
      "spr": 0.02011104355599234,
      "max_drawdown_pct": -0.6272121206630401,
      "walkforward_pass": true,
      "walkforward_windows": 26,
      "walkforward_median_spr": 0.17691019279220507,
      "walkforward_positive_frac": 0.6153846153846154
    },
    {
      "seed": 6067,
      "result_file": "seed_sweep_results/realdata/guardB10_tailfix_lowflip35_10ep_20260219_211955_seed6067/eval_wf2400/results/test_results.json",
      "return_pct": 0.9875886783345722,
      "profit_factor": 1.4004378204216767,
      "total_trades": 21,
      "spr": 7.65132958186634e-05,
      "max_drawdown_pct": -1.3615456180198944,
      "walkforward_pass": true,
      "walkforward_windows": 26,
      "walkforward_median_spr": 0.0007735947782518615,
      "walkforward_positive_frac": 0.5384615384615384
    },
    {
      "seed": 7079,
      "result_file": "seed_sweep_results/realdata/guardB10_tailfix_lowflip35_10ep_20260219_211955_seed7079/eval_wf2400/results/test_results.json",
      "return_pct": 0.9037138543818379,
      "profit_factor": 1.3202401040636211,
      "total_trades": 22,
      "spr": -9.604754366057572e-05,
      "max_drawdown_pct": -1.3011460261973058,
      "walkforward_pass": false,
      "walkforward_windows": 26,
      "walkforward_median_spr": -0.0093286279210957,
      "walkforward_positive_frac": 0.15384615384615385
    },
    {
      "seed": 8087,
      "result_file": "seed_sweep_results/realdata/guardB10_tailfix_lowflip35_10ep_20260219_211955_seed8087/eval_wf2400/results/test_results.json",
      "return_pct": -0.4089555689003266,
      "profit_factor": 0.8430794908097752,
      "total_trades": 21,
      "spr": 2.0296021587513383e-05,
      "max_drawdown_pct": -1.752358130413374,
      "walkforward_pass": true,
      "walkforward_windows": 26,
      "walkforward_median_spr": 0.17239434846737814,
      "walkforward_positive_frac": 0.7307692307692307
    },
    {
      "seed": 9091,
      "result_file": "seed_sweep_results/realdata/guardB10_tailfix_lowflip35_10ep_20260219_211955_seed9091/eval_wf2400/results/test_results.json",
      "return_pct": 0.7599353159803091,
      "profit_factor": 1.3083347960363998,
      "total_trades": 21,
      "spr": -0.2947960262052604,
      "max_drawdown_pct": -1.4761608349736135,
      "walkforward_pass": false,
      "walkforward_windows": 26,
      "walkforward_median_spr": -6.764156768491593e-05,
      "walkforward_positive_frac": 0.19230769230769232
    },
    {
      "seed": 10007,
      "result_file": "seed_sweep_results/realdata/guardB10_tailfix_lowflip35_10ep_20260219_211955_seed10007/eval_wf2400/results/test_results.json",
      "return_pct": 1.9489947376631456,
      "profit_factor": 2.084394028469307,
      "total_trades": 26,
      "spr": 1.8109090319406167,
      "max_drawdown_pct": -1.2606444257217766,
      "walkforward_pass": true,
      "walkforward_windows": 26,
      "walkforward_median_spr": 0.1041512565815287,
      "walkforward_positive_frac": 0.5769230769230769
    }
  ]
}