{
  "timestamp": "20260119_131135",
  "seeds": [
    456,
    777,
    789
  ],
  "runs": [
    {
      "seed": 456,
      "run_dir": "seed_sweep_results\\realdata\\max_trades_40_flip_0_0003_trade_penalty_0_trade_gate_z_0_8_20ep_20260119_123107_seed456\\eval_fast_trade_gate_z_0_8",
      "test_return": 0.3457116890253076,
      "test_profit_factor": 1.1817551684838112,
      "test_spr": 0.0004429495068906113,
      "test_walkforward_pass": false,
      "test_walkforward_median_spr": 0.0,
      "test_walkforward_positive_frac": 0.005025125628140704
    },
    {
      "seed": 777,
      "run_dir": "seed_sweep_results\\realdata\\max_trades_40_flip_0_0003_trade_penalty_0_trade_gate_z_0_8_20ep_20260119_124411_seed777\\eval_fast_trade_gate_z_0_8",
      "test_return": -1.7128216483398906,
      "test_profit_factor": 0.7457349588808753,
      "test_spr": 0.000448052712441919,
      "test_walkforward_pass": false,
      "test_walkforward_median_spr": 0.0,
      "test_walkforward_positive_frac": 0.010050251256281407
    },
    {
      "seed": 789,
      "run_dir": "seed_sweep_results\\realdata\\max_trades_40_flip_0_0003_trade_penalty_0_trade_gate_z_0_8_20ep_20260119_125748_seed789\\eval_fast_trade_gate_z_0_8",
      "test_return": -1.1278782955280175,
      "test_profit_factor": 0.8127599092936674,
      "test_spr": 0.0,
      "test_walkforward_pass": false,
      "test_walkforward_median_spr": 0.0,
      "test_walkforward_positive_frac": 0.02512562814070352
    }
  ],
  "aggregate": {
    "return_pct_mean": -0.8316627516142002,
    "profit_factor_mean": 0.9134166788861179,
    "spr_mean": 0.0002970007397775101,
    "walkforward_pass_count": 0
  },
  "note": "Trade-gate z=0.8 (requires larger Q-gap over HOLD) 20-episode runs; eval uses fast walk-forward slicing."
}