{
  "generated_at_utc": "2026-02-19T12:32:06Z",
  "tag": "oos_stress_guardB5_10ep_20260219_132726",
  "base_run_prefix": "guardB5_confirm_blind10ep_20260219_094605",
  "source": "eval_wf4800",
  "seeds": [
    1011,
    2027,
    3039,
    4049,
    5051
  ],
  "count": 5,
  "mean_return_pct": 1.6661203395699744,
  "mean_profit_factor": 1.9537342704195688,
  "mean_total_trades": 22.8,
  "mean_steps": 3904.6,
  "mean_spr": 0.08205942765041327,
  "mean_max_drawdown_pct": -1.2959867938251675,
  "walkforward_pass_count": 0,
  "walkforward_pass_rate": 0.0,
  "results": [
    {
      "seed": 1011,
      "result_file": "seed_sweep_results/realdata/guardB5_confirm_blind10ep_20260219_094605_seed1011/eval_wf4800_oos_stress_guardB5_10ep_20260219_132726/results/test_results.json",
      "return_pct": 3.2094959294431957,
      "profit_factor": 3.1412108466073776,
      "total_trades": 22,
      "steps": 323,
      "spr": 0.4104007414997763,
      "max_drawdown_pct": -1.3348907939163732,
      "walkforward_pass": false,
      "walkforward_windows": 59,
      "walkforward_median_spr": 0.0,
      "walkforward_positive_frac": 0.3559322033898305
    },
    {
      "seed": 2027,
      "result_file": "seed_sweep_results/realdata/guardB5_confirm_blind10ep_20260219_094605_seed2027/eval_wf4800_oos_stress_guardB5_10ep_20260219_132726/results/test_results.json",
      "return_pct": 2.1429546082891715,
      "profit_factor": 2.0944836146363346,
      "total_trades": 26,
      "steps": 4800,
      "spr": -9.027759518244255e-05,
      "max_drawdown_pct": -0.9609245569987216,
      "walkforward_pass": false,
      "walkforward_windows": 59,
      "walkforward_median_spr": -2.6999218780960823e-05,
      "walkforward_positive_frac": 0.4406779661016949
    },
    {
      "seed": 3039,
      "result_file": "seed_sweep_results/realdata/guardB5_confirm_blind10ep_20260219_094605_seed3039/eval_wf4800_oos_stress_guardB5_10ep_20260219_132726/results/test_results.json",
      "return_pct": 0.6194261419052438,
      "profit_factor": 1.3470928842079364,
      "total_trades": 25,
      "steps": 4800,
      "spr": -5.6920575751194495e-06,
      "max_drawdown_pct": -1.359080038758788,
      "walkforward_pass": false,
      "walkforward_windows": 59,
      "walkforward_median_spr": 0.0,
      "walkforward_positive_frac": 0.2711864406779661
    },
    {
      "seed": 4049,
      "result_file": "seed_sweep_results/realdata/guardB5_confirm_blind10ep_20260219_094605_seed4049/eval_wf4800_oos_stress_guardB5_10ep_20260219_132726/results/test_results.json",
      "return_pct": 1.8039052835180591,
      "profit_factor": 1.8645532921454806,
      "total_trades": 23,
      "steps": 4800,
      "spr": -7.633594952388389e-06,
      "max_drawdown_pct": -1.009088786875458,
      "walkforward_pass": false,
      "walkforward_windows": 59,
      "walkforward_median_spr": 0.0,
      "walkforward_positive_frac": 0.2542372881355932
    },
    {
      "seed": 5051,
      "result_file": "seed_sweep_results/realdata/guardB5_confirm_blind10ep_20260219_094605_seed5051/eval_wf4800_oos_stress_guardB5_10ep_20260219_132726/results/test_results.json",
      "return_pct": 0.5548197346942008,
      "profit_factor": 1.3213307145007152,
      "total_trades": 18,
      "steps": 4800,
      "spr": 0.0,
      "max_drawdown_pct": -1.8159497925764962,
      "walkforward_pass": false,
      "walkforward_windows": 59,
      "walkforward_median_spr": 0.0,
      "walkforward_positive_frac": 0.15254237288135594
    }
  ]
}