{
  "generated_at_utc": "2026-02-19T12:32:06Z",
  "tag": "oos_stress_guardB5_10ep_20260219_132726",
  "base_run_prefix": "guardB5_confirm_blind10ep_20260219_094605",
  "source": "eval_wffull",
  "seeds": [
    1011,
    2027,
    3039,
    4049,
    5051
  ],
  "count": 5,
  "mean_return_pct": 1.6661203395699744,
  "mean_profit_factor": 1.9537342704195688,
  "mean_total_trades": 22.8,
  "mean_steps": 11978.2,
  "mean_spr": 0.08207993395712067,
  "mean_max_drawdown_pct": -1.2959867938251675,
  "walkforward_pass_count": 0,
  "walkforward_pass_rate": 0.0,
  "results": [
    {
      "seed": 1011,
      "result_file": "seed_sweep_results/realdata/guardB5_confirm_blind10ep_20260219_094605_seed1011/eval_wffull_oos_stress_guardB5_10ep_20260219_132726/results/test_results.json",
      "return_pct": 3.2094959294431957,
      "profit_factor": 3.1412108466073776,
      "total_trades": 22,
      "steps": 323,
      "spr": 0.4104007414997763,
      "max_drawdown_pct": -1.3348907939163732,
      "walkforward_pass": false,
      "walkforward_windows": 199,
      "walkforward_median_spr": 0.0,
      "walkforward_positive_frac": 0.36683417085427134
    },
    {
      "seed": 2027,
      "result_file": "seed_sweep_results/realdata/guardB5_confirm_blind10ep_20260219_094605_seed2027/eval_wffull_oos_stress_guardB5_10ep_20260219_132726/results/test_results.json",
      "return_pct": 2.1429546082891715,
      "profit_factor": 2.0944836146363346,
      "total_trades": 26,
      "steps": 14892,
      "spr": -9.338681981137859e-07,
      "max_drawdown_pct": -0.9609245569987216,
      "walkforward_pass": false,
      "walkforward_windows": 199,
      "walkforward_median_spr": 0.0,
      "walkforward_positive_frac": 0.48743718592964824
    },
    {
      "seed": 3039,
      "result_file": "seed_sweep_results/realdata/guardB5_confirm_blind10ep_20260219_094605_seed3039/eval_wffull_oos_stress_guardB5_10ep_20260219_132726/results/test_results.json",
      "return_pct": 0.6194261419052438,
      "profit_factor": 1.3470928842079364,
      "total_trades": 25,
      "steps": 14892,
      "spr": -5.888096089062112e-08,
      "max_drawdown_pct": -1.359080038758788,
      "walkforward_pass": false,
      "walkforward_windows": 199,
      "walkforward_median_spr": 0.0,
      "walkforward_positive_frac": 0.36683417085427134
    },
    {
      "seed": 4049,
      "result_file": "seed_sweep_results/realdata/guardB5_confirm_blind10ep_20260219_094605_seed4049/eval_wffull_oos_stress_guardB5_10ep_20260219_132726/results/test_results.json",
      "return_pct": 1.8039052835180591,
      "profit_factor": 1.8645532921454806,
      "total_trades": 23,
      "steps": 14892,
      "spr": -7.896501395402598e-08,
      "max_drawdown_pct": -1.009088786875458,
      "walkforward_pass": false,
      "walkforward_windows": 199,
      "walkforward_median_spr": 0.0,
      "walkforward_positive_frac": 0.2814070351758794
    },
    {
      "seed": 5051,
      "result_file": "seed_sweep_results/realdata/guardB5_confirm_blind10ep_20260219_094605_seed5051/eval_wffull_oos_stress_guardB5_10ep_20260219_132726/results/test_results.json",
      "return_pct": 0.5548197346942008,
      "profit_factor": 1.3213307145007152,
      "total_trades": 18,
      "steps": 14892,
      "spr": 0.0,
      "max_drawdown_pct": -1.8159497925764962,
      "walkforward_pass": false,
      "walkforward_windows": 199,
      "walkforward_median_spr": 0.0,
      "walkforward_positive_frac": 0.18592964824120603
    }
  ]
}