{
  "generated_at_utc": "2026-02-18T08:41:43Z",
  "run_prefix": "parityfix_hfm_nogate_noprefill_20ep_mixed_20260218",
  "source": "eval_wf2400",
  "note": "Seed 789 comes from dedicated follow-up run with identical hyperparameters.",
  "seeds": [
    456,
    777,
    789
  ],
  "count": 3,
  "mean_return_pct": 2.1123958297414833,
  "mean_profit_factor": 2.3176178592623917,
  "mean_total_trades": 25.666666666666668,
  "mean_spr": 0.02887323904169736,
  "mean_max_drawdown_pct": -1.2025611776331784,
  "walkforward_pass_count": 3,
  "walkforward_pass_rate": 1.0,
  "results": [
    {
      "seed": 456,
      "result_file": "seed_sweep_results/realdata/parityfix_hfm_nogate_noprefill_20ep_20260218_010039_seed456/eval_wf2400/results/test_results.json",
      "return_pct": 0.25537299998692475,
      "profit_factor": 1.0649248665866784,
      "total_trades": 27,
      "spr": 1.8208578873707523e-05,
      "max_drawdown_pct": -2.029347594264605,
      "walkforward_pass": true,
      "walkforward_windows": 26,
      "walkforward_median_spr": 0.04499134149915799,
      "walkforward_positive_frac": 0.6923076923076923
    },
    {
      "seed": 777,
      "result_file": "seed_sweep_results/realdata/parityfix_hfm_nogate_noprefill_20ep_20260218_010039_seed777/eval_wf2400/results/test_results.json",
      "return_pct": 3.2460765230746924,
      "profit_factor": 3.895955748762638,
      "total_trades": 19,
      "spr": 0.08465805258514947,
      "max_drawdown_pct": -0.635877946042389,
      "walkforward_pass": true,
      "walkforward_windows": 26,
      "walkforward_median_spr": 0.011312131776268441,
      "walkforward_positive_frac": 0.8461538461538461
    },
    {
      "seed": 789,
      "result_file": "seed_sweep_results/realdata/parityfix_hfm_nogate_noprefill_20ep_seed789_20260218_004702/eval_wf2400/results/test_results.json",
      "return_pct": 2.8357379661628324,
      "profit_factor": 1.9919729624378582,
      "total_trades": 31,
      "spr": 0.0019434559610689017,
      "max_drawdown_pct": -0.9424579925925411,
      "walkforward_pass": true,
      "walkforward_windows": 26,
      "walkforward_median_spr": 0.1110080636941104,
      "walkforward_positive_frac": 0.6923076923076923
    }
  ]
}