{
  "config": "post_seedfix_nogate_fast10ep_eval_wf2400",
  "n_seeds": 3,
  "mean_test_return_pct": -0.024927598953664958,
  "mean_test_profit_factor": 1.0727948452888927,
  "mean_test_trades": 20.666666666666668,
  "positive_pf_gt_1_count": 1,
  "wf_pass_count": 0,
  "mean_wf_positive_frac": 0.358974358974359,
  "runs": [
    {
      "seed": 1011,
      "run_dir": "seed_sweep_results/realdata/post_seedfix_nogate_fast10ep_20260220_185318_seed1011",
      "eval_dir": "seed_sweep_results/realdata/post_seedfix_nogate_fast10ep_20260220_185318_seed1011/eval_wf2400",
      "test_return_pct": 1.529642923210628,
      "test_profit_factor": 1.6529964292175225,
      "test_total_trades": 19,
      "test_walkforward_pass": false,
      "test_spr": 0.0,
      "wf_positive_frac": 0.19230769230769232
    },
    {
      "seed": 4049,
      "run_dir": "seed_sweep_results/realdata/post_seedfix_nogate_fast10ep_20260220_185636_seed4049",
      "eval_dir": "seed_sweep_results/realdata/post_seedfix_nogate_fast10ep_20260220_185636_seed4049/eval_wf2400",
      "test_return_pct": -0.3123298165221833,
      "test_profit_factor": 0.8982462251023748,
      "test_total_trades": 22,
      "test_walkforward_pass": false,
      "test_spr": 0.0,
      "wf_positive_frac": 0.46153846153846156
    },
    {
      "seed": 8087,
      "run_dir": "seed_sweep_results/realdata/post_seedfix_nogate_fast10ep_20260220_185939_seed8087",
      "eval_dir": "seed_sweep_results/realdata/post_seedfix_nogate_fast10ep_20260220_185939_seed8087/eval_wf2400",
      "test_return_pct": -1.2920959035494395,
      "test_profit_factor": 0.667141881546781,
      "test_total_trades": 21,
      "test_walkforward_pass": false,
      "test_spr": -0.007449279517003942,
      "wf_positive_frac": 0.4230769230769231
    }
  ]
}