{
  "config": "post_seedfix_gz03_evaloff_fast10ep_eval_wf2400",
  "n_seeds": 3,
  "mean_test_return_pct": -0.49957229048492496,
  "mean_test_profit_factor": 1.1474304721024415,
  "mean_test_trades": 20.333333333333332,
  "positive_pf_gt_1_count": 1,
  "wf_pass_count": 0,
  "mean_wf_positive_frac": 0.39743589743589747,
  "runs": [
    {
      "seed": 1011,
      "run_dir": "seed_sweep_results/realdata/post_seedfix_gz03_evaloff_fast10ep_20260220_190916_seed1011",
      "eval_dir": "seed_sweep_results/realdata/post_seedfix_gz03_evaloff_fast10ep_20260220_190916_seed1011/eval_wf2400",
      "test_return_pct": 2.3331569443610256,
      "test_profit_factor": 2.461463494890398,
      "test_total_trades": 23,
      "test_walkforward_pass": false,
      "test_spr": 0.0,
      "wf_positive_frac": 0.3076923076923077
    },
    {
      "seed": 4049,
      "run_dir": "seed_sweep_results/realdata/post_seedfix_gz03_evaloff_fast10ep_20260220_191239_seed4049",
      "eval_dir": "seed_sweep_results/realdata/post_seedfix_gz03_evaloff_fast10ep_20260220_191239_seed4049/eval_wf2400",
      "test_return_pct": -1.2429807994482789,
      "test_profit_factor": 0.6232976165996762,
      "test_total_trades": 17,
      "test_walkforward_pass": false,
      "test_spr": 0.0,
      "wf_positive_frac": 0.4230769230769231
    },
    {
      "seed": 8087,
      "run_dir": "seed_sweep_results/realdata/post_seedfix_gz03_evaloff_fast10ep_20260220_191549_seed8087",
      "eval_dir": "seed_sweep_results/realdata/post_seedfix_gz03_evaloff_fast10ep_20260220_191549_seed8087/eval_wf2400",
      "test_return_pct": -2.5888930163675217,
      "test_profit_factor": 0.35753030481725007,
      "test_total_trades": 21,
      "test_walkforward_pass": false,
      "test_spr": 0.0,
      "wf_positive_frac": 0.46153846153846156
    }
  ]
}