{
    "generated_at_utc":  "2026-02-20T15:35:22Z",
    "run_prefix":  "tailrescue3_fastscreen_20260220_164326_exp18",
    "source":  "train_test_fastscreen",
    "seeds":  [
                  1011,
                  2027,
                  3039,
                  4049,
                  5051,
                  6067,
                  7079,
                  8087,
                  9091,
                  10007
              ],
    "count":  10,
    "mean_return_pct":  0.6216661690424885,
    "mean_profit_factor":  1.4919625632889892,
    "mean_total_trades":  21.5,
    "mean_spr":  0.10237555478130711,
    "mean_max_drawdown_pct":  -1.7180754160071612,
    "walkforward_pass_count":  0,
    "walkforward_pass_rate":  0,
    "results":  [
                    {
                        "seed":  1011,
                        "result_file":  "seed_sweep_results\\realdata\\tailrescue3_fastscreen_20260220_164326_exp18_seed1011\\results\\test_results.json",
                        "return_pct":  1.0670062749377651,
                        "profit_factor":  1.6025151653377845,
                        "total_trades":  23,
                        "spr":  -0.26873343526257532,
                        "max_drawdown_pct":  -1.0048779401790811,
                        "walkforward_pass":  false,
                        "walkforward_windows":  1,
                        "walkforward_median_spr":  -0.26873343526257532,
                        "walkforward_positive_frac":  0
                    },
                    {
                        "seed":  2027,
                        "result_file":  "seed_sweep_results\\realdata\\tailrescue3_fastscreen_20260220_164326_exp18_seed2027\\results\\test_results.json",
                        "return_pct":  1.6565968692208832,
                        "profit_factor":  2.112100546960209,
                        "total_trades":  20,
                        "spr":  0.087966694511972754,
                        "max_drawdown_pct":  -1.6756076470969681,
                        "walkforward_pass":  false,
                        "walkforward_windows":  1,
                        "walkforward_median_spr":  0.087966694511972754,
                        "walkforward_positive_frac":  1
                    },
                    {
                        "seed":  3039,
                        "result_file":  "seed_sweep_results\\realdata\\tailrescue3_fastscreen_20260220_164326_exp18_seed3039\\results\\test_results.json",
                        "return_pct":  -0.837231224165369,
                        "profit_factor":  0.75496091636734464,
                        "total_trades":  22,
                        "spr":  -0.044320382587064083,
                        "max_drawdown_pct":  -2.5635249577819783,
                        "walkforward_pass":  false,
                        "walkforward_windows":  1,
                        "walkforward_median_spr":  -0.044320382587064083,
                        "walkforward_positive_frac":  0
                    },
                    {
                        "seed":  4049,
                        "result_file":  "seed_sweep_results\\realdata\\tailrescue3_fastscreen_20260220_164326_exp18_seed4049\\results\\test_results.json",
                        "return_pct":  0.21318539125987357,
                        "profit_factor":  1.0924904287569184,
                        "total_trades":  18,
                        "spr":  -0.0069489316557196827,
                        "max_drawdown_pct":  -2.2043739467841652,
                        "walkforward_pass":  false,
                        "walkforward_windows":  1,
                        "walkforward_median_spr":  -0.0069489316557196827,
                        "walkforward_positive_frac":  0
                    },
                    {
                        "seed":  5051,
                        "result_file":  "seed_sweep_results\\realdata\\tailrescue3_fastscreen_20260220_164326_exp18_seed5051\\results\\test_results.json",
                        "return_pct":  -0.46564210644955972,
                        "profit_factor":  0.89605793209841167,
                        "total_trades":  22,
                        "spr":  -0.0013992492028756212,
                        "max_drawdown_pct":  -2.0567797327668385,
                        "walkforward_pass":  false,
                        "walkforward_windows":  1,
                        "walkforward_median_spr":  -0.0013992492028756212,
                        "walkforward_positive_frac":  0
                    },
                    {
                        "seed":  6067,
                        "result_file":  "seed_sweep_results\\realdata\\tailrescue3_fastscreen_20260220_164326_exp18_seed6067\\results\\test_results.json",
                        "return_pct":  0.9915964456765014,
                        "profit_factor":  1.3597872936464259,
                        "total_trades":  22,
                        "spr":  0.11713136388927524,
                        "max_drawdown_pct":  -2.0634876916408156,
                        "walkforward_pass":  false,
                        "walkforward_windows":  1,
                        "walkforward_median_spr":  0.11713136388927524,
                        "walkforward_positive_frac":  1
                    },
                    {
                        "seed":  7079,
                        "result_file":  "seed_sweep_results\\realdata\\tailrescue3_fastscreen_20260220_164326_exp18_seed7079\\results\\test_results.json",
                        "return_pct":  2.6829151968587928,
                        "profit_factor":  3.2024795548053171,
                        "total_trades":  20,
                        "spr":  1.4699146538073915,
                        "max_drawdown_pct":  -1.1176899994958485,
                        "walkforward_pass":  false,
                        "walkforward_windows":  1,
                        "walkforward_median_spr":  1.4699146538073915,
                        "walkforward_positive_frac":  1
                    },
                    {
                        "seed":  8087,
                        "result_file":  "seed_sweep_results\\realdata\\tailrescue3_fastscreen_20260220_164326_exp18_seed8087\\results\\test_results.json",
                        "return_pct":  -1.9809967995161104,
                        "profit_factor":  0.37845629284751142,
                        "total_trades":  17,
                        "spr":  1.2250095047236643E-05,
                        "max_drawdown_pct":  -2.8579935504170977,
                        "walkforward_pass":  false,
                        "walkforward_windows":  1,
                        "walkforward_median_spr":  1.2250095047236643E-05,
                        "walkforward_positive_frac":  1
                    },
                    {
                        "seed":  9091,
                        "result_file":  "seed_sweep_results\\realdata\\tailrescue3_fastscreen_20260220_164326_exp18_seed9091\\results\\test_results.json",
                        "return_pct":  2.0132143791493196,
                        "profit_factor":  2.1935987446887539,
                        "total_trades":  25,
                        "spr":  -0.37545823882428386,
                        "max_drawdown_pct":  -0.74310700667829133,
                        "walkforward_pass":  false,
                        "walkforward_windows":  1,
                        "walkforward_median_spr":  -0.37545823882428386,
                        "walkforward_positive_frac":  0
                    },
                    {
                        "seed":  10007,
                        "result_file":  "seed_sweep_results\\realdata\\tailrescue3_fastscreen_20260220_164326_exp18_seed10007\\results\\test_results.json",
                        "return_pct":  0.87601726345278852,
                        "profit_factor":  1.3271787573812146,
                        "total_trades":  26,