{
    "generated_at_utc":  "2026-02-20T15:41:18Z",
    "run_prefix":  "tailrescue3_fastscreen_20260220_164326_exp18",
    "source":  "eval_wf2400",
    "seeds":  [
                  1011,
                  2027,
                  3039,
                  4049,
                  5051,
                  6067,
                  7079,
                  8087,
                  9091,
                  10007
              ],
    "count":  10,
    "mean_return_pct":  0.6216661690424885,
    "mean_profit_factor":  1.4919625632889892,
    "mean_total_trades":  21.5,
    "mean_spr":  0.00909047189938212,
    "mean_max_drawdown_pct":  -1.7180754160071612,
    "walkforward_pass_count":  3,
    "walkforward_pass_rate":  0.3,
    "results":  [
                    {
                        "seed":  1011,
                        "result_file":  "seed_sweep_results\\realdata\\tailrescue3_fastscreen_20260220_164326_exp18_seed1011\\eval_wf2400\\results\\test_results.json",
                        "return_pct":  1.0670062749377651,
                        "profit_factor":  1.6025151653377845,
                        "total_trades":  23,
                        "spr":  -0.0015227894344949716,
                        "max_drawdown_pct":  -1.0048779401790811,
                        "walkforward_pass":  false,
                        "walkforward_windows":  26,
                        "walkforward_median_spr":  0,
                        "walkforward_positive_frac":  0.38461538461538464
                    },
                    {
                        "seed":  2027,
                        "result_file":  "seed_sweep_results\\realdata\\tailrescue3_fastscreen_20260220_164326_exp18_seed2027\\eval_wf2400\\results\\test_results.json",
                        "return_pct":  1.6565968692208832,
                        "profit_factor":  2.112100546960209,
                        "total_trades":  20,
                        "spr":  0.087966694511972754,
                        "max_drawdown_pct":  -1.6756076470969681,
                        "walkforward_pass":  false,
                        "walkforward_windows":  26,
                        "walkforward_median_spr":  0,
                        "walkforward_positive_frac":  0.46153846153846162
                    },
                    {
                        "seed":  3039,
                        "result_file":  "seed_sweep_results\\realdata\\tailrescue3_fastscreen_20260220_164326_exp18_seed3039\\eval_wf2400\\results\\test_results.json",
                        "return_pct":  -0.837231224165369,
                        "profit_factor":  0.75496091636734464,
                        "total_trades":  22,
                        "spr":  -0.00022977953243942512,
                        "max_drawdown_pct":  -2.5635249577819783,
                        "walkforward_pass":  false,
                        "walkforward_windows":  26,
                        "walkforward_median_spr":  0,
                        "walkforward_positive_frac":  0.38461538461538464
                    },
                    {
                        "seed":  4049,
                        "result_file":  "seed_sweep_results\\realdata\\tailrescue3_fastscreen_20260220_164326_exp18_seed4049\\eval_wf2400\\results\\test_results.json",
                        "return_pct":  0.21318539125987357,
                        "profit_factor":  1.0924904287569184,
                        "total_trades":  18,
                        "spr":  -2.4117124734518046E-05,
                        "max_drawdown_pct":  -2.2043739467841652,
                        "walkforward_pass":  false,
                        "walkforward_windows":  26,
                        "walkforward_median_spr":  -0.00011413027505155156,
                        "walkforward_positive_frac":  0.46153846153846162
                    },
                    {
                        "seed":  5051,
                        "result_file":  "seed_sweep_results\\realdata\\tailrescue3_fastscreen_20260220_164326_exp18_seed5051\\eval_wf2400\\results\\test_results.json",
                        "return_pct":  -0.46564210644955972,
                        "profit_factor":  0.89605793209841167,
                        "total_trades":  22,
                        "spr":  -7.254423559440109E-06,
                        "max_drawdown_pct":  -2.0567797327668385,
                        "walkforward_pass":  false,
                        "walkforward_windows":  26,
                        "walkforward_median_spr":  -8.2160044191266E-05,
                        "walkforward_positive_frac":  0.5
                    },
                    {
                        "seed":  6067,
                        "result_file":  "seed_sweep_results\\realdata\\tailrescue3_fastscreen_20260220_164326_exp18_seed6067\\eval_wf2400\\results\\test_results.json",
                        "return_pct":  0.9915964456765014,
                        "profit_factor":  1.3597872936464259,
                        "total_trades":  22,
                        "spr":  0.00060726890106597238,
                        "max_drawdown_pct":  -2.0634876916408156,
                        "walkforward_pass":  true,
                        "walkforward_windows":  26,
                        "walkforward_median_spr":  0.0044496607526256123,
                        "walkforward_positive_frac":  0.53846153846153844
                    },
                    {
                        "seed":  7079,
                        "result_file":  "seed_sweep_results\\realdata\\tailrescue3_fastscreen_20260220_164326_exp18_seed7079\\eval_wf2400\\results\\test_results.json",
                        "return_pct":  2.6829151968587928,
                        "profit_factor":  3.2024795548053171,
                        "total_trades":  20,
                        "spr":  0.0062981730588633992,
                        "max_drawdown_pct":  -1.1176899994958485,
                        "walkforward_pass":  true,
                        "walkforward_windows":  26,
                        "walkforward_median_spr":  0.001138130538617753,
                        "walkforward_positive_frac":  0.53846153846153844
                    },
                    {
                        "seed":  8087,
                        "result_file":  "seed_sweep_results\\realdata\\tailrescue3_fastscreen_20260220_164326_exp18_seed8087\\eval_wf2400\\results\\test_results.json",
                        "return_pct":  -1.9809967995161104,
                        "profit_factor":  0.37845629284751142,
                        "total_trades":  17,
                        "spr":  3.7922746256399242E-08,
                        "max_drawdown_pct":  -2.8579935504170977,
                        "walkforward_pass":  false,
                        "walkforward_windows":  26,
                        "walkforward_median_spr":  0,
                        "walkforward_positive_frac":  0.30769230769230771
                    },
                    {
                        "seed":  9091,
                        "result_file":  "seed_sweep_results\\realdata\\tailrescue3_fastscreen_20260220_164326_exp18_seed9091\\eval_wf2400\\results\\test_results.json",
                        "return_pct":  2.0132143791493196,
                        "profit_factor":  2.1935987446887539,
                        "total_trades":  25,
                        "spr":  -0.0025136461137028497,
                        "max_drawdown_pct":  -0.74310700667829133,
                        "walkforward_pass":  false,
                        "walkforward_windows":  26,
                        "walkforward_median_spr":  0,
                        "walkforward_positive_frac":  0.46153846153846162
                    },
                    {
                        "seed":  10007,
                        "result_file":  "seed_sweep_results\\realdata\\tailrescue3_fastscreen_20260220_164326_exp18_seed10007\\eval_wf2400\\results\\test_results.json",